circuit_id,migrated_at
ALSI000022,2024-01-29
ALSI000689,2024-01-29
ALSI001044,2024-01-29
ALSI001045,2024-01-29
ALSI001046,2024-01-29
ALSI001049,2024-01-29
ALSI001050,2024-01-29
ALSI001061,2024-01-29
ALSI001063,2024-01-29
ALSI001066,2024-01-29
ALSI001068,2024-01-29
ALSI001070,2024-01-29
ALSI001071,2024-01-29
ALSI001072,2024-01-29
ALSI001073,2024-01-29
ALSI001074,2024-01-29
ALSI001075,2024-01-29
ALSI001077,2024-01-29
ALSI001078,2024-01-29
ALSI001079,2024-01-29
ALSI001080,2024-01-29
ALSI001083,2024-01-29
ALSI001085,2024-01-29
ALSI001088,2024-01-29
ALSI001089,2024-01-29
ALSI001097,2024-01-29
ALSI001098,2024-01-29
ALSI001100,2024-01-29
ALSI001101,2024-01-29
ALSI001102,2024-01-29
ALSI001103,2024-01-29
ALSI001106,2024-01-29
ALSI001107,2024-01-29
ALSI001108,2024-01-29
ALSI001109,2024-01-29
ALSI001110,2024-01-29
ALSI001112,2024-01-29
ALSI001113,2024-01-29
ALSI001118,2024-01-29
ALSI001123,2024-01-29
ALSI001126,2024-01-29
ALSI001134,2024-01-29
ALSI001135,2024-01-29
ALSI001138,2024-01-29
ALSI001143,2024-01-29
ALSI001222,2024-01-29
BASI000499,2024-01-29
BASI000741,2024-01-29
BASI000896,2024-01-29
BASI000912,2024-01-30
BASI001252,2024-01-29
BASI001588,2024-01-29
BASI002020,2024-01-29
BASI002133,2024-01-30
BASI002200,2024-01-29
BASI002202,2024-01-29
BASI002203,2024-01-29
BASI002209,2024-01-29
BASI002213,2024-01-29
BASI002214,2024-01-29
BASI002215,2024-01-29
BASI002216,2024-01-29
BASI002226,2024-01-29
BASI002227,2024-01-29
BASI002232,2024-01-29
BASI002233,2024-01-29
BASI002234,2024-01-29
BASI002235,2024-01-29
BASI002236,2024-01-29
BASI002237,2024-01-29
BASI002239,2024-01-29
BASI002240,2024-01-29
BASI002241,2024-01-29
BASI002242,2024-01-29
BASI002245,2024-01-29
BASI002246,2024-01-29
BASI002247,2024-01-29
BASI002248,2024-01-29
BASI002250,2024-01-29
BASI002251,2024-01-29
BASI002252,2024-01-29
BASI002253,2024-01-29
BASI002254,2024-01-29
BASI002255,2024-01-29
BASI002256,2024-01-29
BASI002259,2024-01-29
BASI002260,2024-01-29
BASI002261,2024-01-29
BASI002262,2024-01-29
BASI002263,2024-01-29
BASI002264,2024-01-29
BASI002269,2024-01-29
BASI002272,2024-01-29
BASI002275,2024-01-29
BASI002276,2024-01-29
BASI002278,2024-01-29
BASI002279,2024-01-29
BASI002280,2024-01-29
BASI002282,2024-01-29
BASI002582,2024-01-29
BASI002673,2024-01-29
BASI002428,2024-01-29
BASI002429,2024-01-29
BASI002692,2024-01-29
BASI002846,2024-01-29
BASI003008,2024-01-29
BASI003956,2024-01-29
BASI003949,2024-01-29
BASI003947,2024-01-29
BASI004065,2024-01-29
BASI002682,2024-01-29
BASI003299,2024-01-29
BASI003318,2024-01-29
BASI002646,2024-01-29
BASI002653,2024-01-29
BASI002683,2024-01-29
BASI002693,2024-01-29
BASI002982,2024-01-29
BASI003031,2024-01-29
BASI002430,2024-01-29
BASI003937,2024-01-29
BASI003940,2024-01-29
BASI002565,2024-01-29
BASI002610,2024-01-29
BASI002661,2024-01-29
BASI002707,2024-01-29
BASI002722,2024-01-29
BASI002723,2024-01-29
BASI002762,2024-01-29
BASI002763,2024-01-29
BASI002847,2024-01-29
BASI002878,2024-01-29
BASI002897,2024-01-29
BASI002898,2024-01-29
BASI002983,2024-01-29
BASI002764,2024-01-29
BASI004078,2024-01-29
BASI003347,2024-01-29
BASI002576,2024-01-29
BASI002730,2024-01-29
BASI002848,2024-01-29
BASI003943,2024-01-29
BASI003945,2024-01-29
BASI003970,2024-01-29
BASI002283,2024-01-29
BASI002627,2024-01-29
BASI002674,2024-01-29
BASI002986,2024-01-29
BASI003053,2024-01-29
BASI002863,2024-01-29
BASI002879,2024-01-29
BASI003054,2024-01-29
BASI002296,2024-01-29
BASI002297,2024-01-29
BASI002298,2024-01-29
BASI002583,2024-01-29
BASI003848,2024-01-29
BASI002850,2024-01-29
BASI003084,2024-01-29
BASI002953,2024-01-29
BASI003474,2024-01-29
BASI003330,2024-01-29
BASI002577,2024-01-29
BASI002602,2024-01-29
BASI002654,2024-01-29
BASI002662,2024-01-29
BASI002935,2024-01-29
BASI002954,2024-01-29
BASI002955,2024-01-29
BASI002989,2024-01-29
BASI003166,2024-01-29
BASI003933,2024-01-29
BASI003089,2024-01-29
BASI003252,2024-01-29
BASI003304,2024-01-29
BASI002568,2024-01-29
BASI002881,2024-01-29
BASI002936,2024-01-29
BASI002956,2024-01-29
BASI003035,2024-01-29
BASI002300,2024-01-29
BASI003380,2024-01-29
BASI002632,2024-01-29
BASI002834,2024-01-29
BASI002851,2024-01-29
BASI002918,2024-01-29
BASI002302,2024-01-29
BASI002303,2024-01-29
BASI002305,2024-01-29
BASI002307,2024-01-29
BASI002308,2024-01-29
BASI002309,2024-01-29
BASI002311,2024-01-29
BASI003168,2024-01-29
BASI003942,2024-01-29
BASI003090,2024-01-29
BASI003092,2024-01-29
BASI003094,2024-01-29
BASI002938,2024-01-29
BASI004053,2024-01-29
BASI002569,2024-01-29
BASI003095,2024-01-29
BASI003248,2024-01-29
BASI003265,2024-01-29
BASI003289,2024-01-29
BASI003332,2024-01-29
BASI003057,2024-01-29
BASI002313,2024-01-29
BASI003311,2024-01-29
BASI002708,2024-01-29
BASI002864,2024-01-29
BASI003320,2024-01-29
BASI003374,2024-01-29
BASI002633,2024-01-29
BASI002959,2024-01-29
BASI003308,2024-01-29
BASI003334,2024-01-29
BASI002322,2024-01-29
BASI002323,2024-01-29
BASI002900,2024-01-29
BASI003011,2024-01-29
BASI002608,2024-01-29
BASI002960,2024-01-29
BASI003379,2024-01-29
BASI002570,2024-01-29
BASI002585,2024-01-29
BASI002639,2024-01-29
BASI002882,2024-01-29
BASI002901,2024-01-29
BASI003938,2024-01-29
BASI002327,2024-01-29
BASI002571,2024-01-29
BASI002612,2024-01-29
BASI002865,2024-01-29
BASI002919,2024-01-29
BASI003012,2024-01-29
BASI003944,2024-01-29
BASI003105,2024-01-29
BASI003111,2024-01-29
BASI003115,2024-01-30
BASI003123,2024-01-29
BASI002328,2024-01-29
BASI002629,2024-01-29
BASI002731,2024-01-29
BASI002741,2024-01-29
BASI002866,2024-01-29
BASI003036,2024-01-29
BASI003124,2024-01-29
BASI003321,2024-01-29
BASI002330,2024-01-29
BASI002331,2024-01-29
BASI002332,2024-01-29
BASI002333,2024-01-29
BASI002334,2024-01-29
BASI002337,2024-01-29
BASI002338,2024-01-29
BASI002339,2024-01-29
BASI002340,2024-01-29
BASI002341,2024-01-29
BASI002342,2024-01-29
BASI002343,2024-01-29
BASI002346,2024-01-29
BASI002347,2024-01-29
BASI002349,2024-01-29
BASI002351,2024-01-29
BASI002557,2024-01-29
BASI002352,2024-01-29
BASI002353,2024-01-29
BASI002354,2024-01-29
BASI002355,2024-01-29
BASI002357,2024-01-29
BASI002359,2024-01-29
BASI002360,2024-01-29
BASI002361,2024-01-29
BASI002362,2024-01-29
BASI003314,2024-01-29
BASI003059,2024-01-29
BASI003300,2024-01-29
BASI002586,2024-01-29
BASI002666,2024-01-29
BASI002685,2024-01-29
BASI002725,2024-01-29
BASI002902,2024-01-29
BASI003060,2024-01-29
BASI002364,2024-01-29
BASI002365,2024-01-29
BASI002755,2024-01-29
BASI002836,2024-01-29
BASI002366,2024-01-29
BASI002369,2024-01-29
BASI002370,2024-01-29
BASI002903,2024-01-29
BASI003297,2024-01-29
BASI002609,2024-01-29
BASI002921,2024-01-29
BASI002374,2024-01-29
BASI002378,2024-01-29
BASI002715,2024-01-29
BASI002384,2024-01-29
BASI002386,2024-01-29
BASI002387,2024-01-29
BASI002853,2024-01-29
BASI002867,2024-01-29
BASI002388,2024-01-29
BASI004097,2024-01-29
BASI002390,2024-01-29
BASI003288,2024-01-29
BASI003382,2024-01-29
BASI002641,2024-01-29
BASI002667,2024-01-29
BASI002668,2024-01-29
BASI002686,2024-01-29
BASI002687,2024-01-29
BASI002732,2024-01-29
BASI002854,2024-01-29
BASI002855,2024-01-29
BASI002885,2024-01-29
BASI002886,2024-01-29
BASI002904,2024-01-29
BASI002965,2024-01-29
BASI002966,2024-01-29
BASI002392,2024-01-29
BASI002395,2024-01-29
BASI002397,2024-01-29
BASI002399,2024-01-29
BASI002402,2024-01-29
BASI002404,2024-01-29
BASI002615,2024-01-29
BASI002698,2024-01-29
BASI003039,2024-01-29
BASI003040,2024-01-29
BASI002409,2024-01-29
BASI002410,2024-01-29
BASI002411,2024-01-29
BASI002412,2024-01-29
BASI002413,2024-01-29
BASI003383,2024-01-29
BASI003828,2024-01-29
BASI003959,2024-01-29
BASI003960,2024-01-29
BASI004095,2024-01-29
BASI004096,2024-01-29
BASI004098,2024-01-29
BASI002968,2024-01-29
BASI003014,2024-01-29
BASI002415,2024-01-29
BASI002416,2024-01-29
BASI002417,2024-01-29
BASI002905,2024-01-29
BASI003340,2024-01-29
BASI003341,2024-01-29
BASI002630,2024-01-29
BASI002634,2024-01-29
BASI002733,2024-01-29
BASI002734,2024-01-29
BASI002423,2024-01-29
BASI002425,2024-01-29
BASI002434,2024-01-29
BASI002435,2024-01-29
BASI002658,2024-01-29
BASI002887,2024-01-29
BASI002437,2024-01-29
BASI002438,2024-01-29
BASI003939,2024-01-29
BASI003961,2024-01-29
BASI002439,2024-01-29
BASI002440,2024-01-29
BASI002441,2024-01-29
BASI003393,2024-01-29
BASI003132,2024-01-29
BASI002603,2024-01-29
BASI002726,2024-01-29
BASI002444,2024-01-29
BASI002449,2024-01-29
BASI002453,2024-01-29
BASI003065,2024-01-29
BASI003133,2024-01-29
BASI003257,2024-01-29
BASI003261,2024-01-29
BASI003292,2024-01-29
BASI002868,2024-01-29
BASI002923,2024-01-29
BASI003134,2024-01-29
BASI003138,2024-01-29
BASI003139,2024-01-29
BASI003140,2024-01-29
BASI003141,2024-01-29
BASI003142,2024-01-29
BASI004079,2024-01-29
BASI003143,2024-01-29
BASI003041,2024-01-29
BASI004067,2024-01-29
BASI002743,2024-01-29
BASI003066,2024-01-29
BASI003145,2024-01-29
BASI003147,2024-01-29
BASI002648,2024-01-29
BASI002456,2024-01-29
BASI002457,2024-01-29
BASI002459,2024-01-29
BASI002460,2024-01-29
BASI002461,2024-01-29
BASI002462,2024-01-29
BASI002466,2024-01-29
BASI002467,2024-01-29
BASI002756,2024-01-29
BASI004081,2024-01-29
BASI003164,2024-01-29
BASI002554,2024-01-29
BASI002597,2024-01-29
BASI003946,2024-01-29
BASI003359,2024-01-29
BASI004080,2024-01-29
BASI002469,2024-01-29
BASI003690,2024-01-29
BASI002471,2024-01-29
BASI002473,2024-01-29
BASI002475,2024-01-29
BASI002476,2024-01-29
BASI003364,2024-01-29
BASI002888,2024-01-29
BASI003391,2024-01-29
BASI002757,2024-01-29
BASI002970,2024-01-29
BASI003016,2024-01-29
BASI003044,2024-01-29
BASI003174,2024-01-29
BASI003175,2024-01-29
BASI003176,2024-01-29
BASI002996,2024-01-29
BASI003017,2024-01-29
BASI003177,2024-01-29
BASI003178,2024-01-29
BASI003179,2024-01-29
BASI003181,2024-01-29
BASI002837,2024-01-29
BASI002598,2024-01-29
BASI004082,2024-01-29
BASI004083,2024-01-29
BASI004064,2024-01-29
BASI002744,2024-01-29
BASI002479,2024-01-29
BASI002480,2024-01-29
BASI002481,2024-01-29
BASI002482,2024-01-29
BASI002484,2024-01-29
BASI002942,2024-01-29
BASI002488,2024-01-29
BASI002501,2024-01-29
BASI002504,2024-01-29
BASI002507,2024-01-29
BASI002906,2024-01-29
BASI002510,2024-01-29
BASI002513,2024-01-29
BASI003189,2024-01-29
BASI002523,2024-01-29
BASI002677,2024-01-29
BASI002737,2024-01-29
BASI003021,2024-01-29
BASI002678,2024-01-29
BASI002874,2024-01-29
BASI003936,2024-01-29
BASI003971,2024-01-29
BASI003190,2024-01-29
BASI003192,2024-01-29
BASI003193,2024-01-29
BASI003194,2024-01-29
BASI003195,2024-01-29
BASI003196,2024-01-29
BASI003197,2024-01-29
BASI003198,2024-01-29
BASI003068,2024-01-29
BASI002531,2024-01-29
BASI002532,2024-01-29
BASI002551,2024-01-29
BASI002889,2024-01-29
BASI003394,2024-01-29
BASI003928,2024-01-29
BASI003934,2024-01-29
BASI002943,2024-01-29
BASI002999,2024-01-29
BASI003070,2024-01-29
BASI003200,2024-01-29
BASI002716,2024-01-29
BASI002857,2024-01-29
BASI002928,2024-01-29
BASI002971,2024-01-29
BASI003022,2024-01-29
BASI003202,2024-01-29
BASI003204,2024-01-29
BASI003205,2024-01-29
BASI003206,2024-01-29
BASI002972,2024-01-29
BASI003071,2024-01-29
BASI003298,2024-01-29
BASI002690,2024-01-29
BASI003023,2024-01-29
BASI003073,2024-01-29
BASI003287,2024-01-29
BASI002944,2024-01-29
BASI003207,2024-01-29
BASI003262,2024-01-29
BASI003263,2024-01-29
BASI002556,2024-01-29
BASI002625,2024-01-29
BASI002839,2024-01-29
BASI002973,2024-01-29
BASI002535,2024-01-29
BASI002536,2024-01-29
BASI003371,2024-01-29
BASI002579,2024-01-29
BASI002650,2024-01-29
BASI002909,2024-01-29
BASI002929,2024-01-29
BASI003001,2024-01-29
BASI003025,2024-01-29
BASI002538,2024-01-29
BASI003343,2024-01-29
BASI002564,2024-01-29
BASI002599,2024-01-29
BASI003026,2024-01-30
BASI002539,2024-01-29
BASI002541,2024-01-29
BASI002759,2024-01-29
BASI002573,2024-01-29
BASI002841,2024-01-29
BASI002859,2024-01-29
BASI002974,2024-01-29
BASI003075,2024-01-29
BASI003273,2024-01-29
BASI003351,2024-01-29
BASI003378,2024-01-29
BASI002760,2024-01-29
BASI003002,2024-01-29
BASI002574,2024-01-29
BASI003049,2024-01-29
BASI003930,2024-01-29
BASI003941,2024-01-29
BASI003209,2024-01-29
BASI002607,2024-01-29
BASI002976,2024-01-29
BASI004084,2024-01-29
BASI002780,2024-01-29
BASI002782,2024-01-29
BASI002783,2024-01-29
BASI002680,2024-01-29
BASI002703,2024-01-29
BASI002895,2024-01-29
BASI002644,2024-01-29
BASI003372,2024-01-29
BASI002681,2024-01-29
BASI003211,2024-01-29
BASI003212,2024-01-29
BASI003213,2024-01-29
BASI003214,2024-01-29
BASI003315,2024-01-29
BASI003384,2024-01-29
BASI003215,2024-01-29
BASI002896,2024-01-29
BASI003050,2024-01-29
BASI002788,2024-01-29
BASI002789,2024-01-29
BASI002790,2024-01-29
BASI002601,2024-01-29
BASI002619,2024-01-29
BASI003935,2024-01-29
BASI002746,2024-01-29
BASI003078,2024-01-29
BASI002794,2024-01-29
BASI002795,2024-01-29
BASI002796,2024-01-29
BASI003344,2024-01-29
BASI002747,2024-01-29
BASI002798,2024-01-29
BASI004090,2024-01-29
BASI003355,2024-01-29
BASI002748,2024-01-29
BASI002978,2024-01-29
BASI002801,2024-01-29
BASI002802,2024-01-29
BASI002803,2024-01-29
BASI002804,2024-01-29
BASI004066,2024-01-29
BASI002806,2024-01-29
BASI002807,2024-01-29
BASI002808,2024-01-29
BASI002813,2024-01-29
BASI002815,2024-01-30
BASI002823,2024-01-29
BASI003081,2024-01-29
BASI003221,2024-01-29
BASI003225,2024-01-29
BASI003345,2024-01-29
BASI002581,2024-01-29
BASI002645,2024-01-29
BASI002827,2024-01-29
BASI003229,2024-01-29
BASI003230,2024-01-29
BASI003232,2024-01-29
BASI003233,2024-01-29
BASI003234,2024-01-29
BASI003235,2024-01-29
BASI003236,2024-01-29
BASI003240,2024-01-29
BASI003241,2024-01-29
BASI003385,2024-01-29
BASI002845,2024-01-29
CESI001368,2024-01-29
CESI001409,2024-01-29
CESI000606,2024-01-29
CESI001339,2024-01-29
CESI001364,2024-01-29
CESI001367,2024-01-29
CESI001369,2024-01-29
CESI001370,2024-01-29
CESI001374,2024-01-29
CESI001378,2024-01-29
CESI001380,2024-01-29
CESI001341,2024-01-29
CESI001411,2024-01-29
CESI001360,2024-01-29
CESI001344,2024-01-29
CESI001346,2024-01-29
CESI001465,2024-01-29
CESI001347,2024-01-29
CESI001383,2024-01-29
CESI001466,2024-01-29
CESI001371,2024-01-29
CESI001423,2024-01-30
CESI001415,2024-01-29
CESI001311,2024-01-29
CESI001353,2024-01-29
CESI001317,2024-01-29
CESI000051,2024-01-30
CESI001413,2024-01-29
CESI001414,2024-01-29
CESI001424,2024-01-29
CESI001412,2024-01-29
CESI001376,2024-01-29
CESI001358,2024-01-29
CESI001408,2024-01-29
DFSI000028,2024-01-29
DFSI000033,2024-01-29
DFSI000034,2024-01-29
DFSI000039,2024-01-29
DFSI000044,2024-01-29
DFSI000046,2024-01-29
DFSI000057,2024-01-29
ESSI000327,2024-01-29
ESSI000504,2024-01-29
ESSI000717,2024-01-29
ESSI000639,2024-01-29
ESSI000734,2024-01-29
ESSI000927,2024-01-29
ESSI000933,2024-01-29
ESSI001047,2024-01-29
ESSI000167,2024-01-29
ESSI000168,2024-01-29
ESSI000697,2024-01-29
ESSI000701,2024-01-29
ESSI000920,2024-01-29
ESSI000473,2024-01-29
ESSI001049,2024-01-29
ESSI000474,2024-01-29
ESSI000475,2024-01-29
ESSI000595,2024-01-29
ESSI000594,2024-01-29
ESSI000901,2024-01-29
ESSI000887,2024-01-29
ESSI000931,2024-01-29
ESSI000480,2024-01-29
ESSI001035,2024-01-29
ESSI000637,2024-01-29
ESSI000885,2024-01-29
ESSI000679,2024-01-29
ESSI001072,2024-01-29
ESSI000361,2024-01-29
ESSI000603,2024-01-29
ESSI000602,2024-01-29
ESSI000601,2024-01-29
ESSI000599,2024-01-29
ESSI000598,2024-01-29
ESSI000597,2024-01-29
ESSI000528,2024-01-29
ESSI000699,2024-01-29
ESSI000700,2024-01-29
ESSI000605,2024-01-29
ESSI000285,2024-01-29
ESSI000482,2024-01-29
ESSI000483,2024-01-29
ESSI000484,2024-01-29
ESSI000893,2024-01-29
ESSI000883,2024-01-29
ESSI000346,2024-01-29
ESSI000642,2024-01-29
ESSI000731,2024-01-29
ESSI000929,2024-01-29
ESSI000505,2024-01-29
ESSI000735,2024-01-29
ESSI000680,2024-01-29
ESSI000705,2024-01-29
ESSI000487,2024-01-29
ESSI000607,2024-01-29
ESSI000488,2024-01-29
ESSI000682,2024-01-29
ESSI000694,2024-01-29
ESSI000928,2024-01-29
ESSI000493,2024-01-29
ESSI000494,2024-01-29
ESSI000490,2024-01-29
ESSI000491,2024-01-29
ESSI000492,2024-01-29
ESSI000643,2024-01-29
ESSI000718,2024-01-29
ESSI000691,2024-01-29
ESSI000876,2024-01-29
ESSI000877,2024-01-29
ESSI000897,2024-01-29
ESSI000902,2024-01-29
ESSI000915,2024-01-29
ESSI000496,2024-01-29
ESSI000930,2024-01-29
ESSI000498,2024-01-29
ESSI000499,2024-01-29
ESSI000507,2024-01-29
ESSI000508,2024-01-29
ESSI000909,2024-01-29
ESSI001077,2024-01-29
ESSI001080,2024-01-29
ESSI000611,2024-01-29
ESSI000612,2024-01-29
ESSI000921,2024-01-29
ESSI000614,2024-01-29
ESSI000615,2024-01-29
ESSI000644,2024-01-29
ESSI000616,2024-01-29
ESSI000709,2024-01-29
ESSI000710,2024-01-29
ESSI000937,2024-01-29
ESSI000421,2024-01-29
ESSI000423,2024-01-29
ESSI000500,2024-01-29
ESSI000879,2024-01-29
ESSI000889,2024-01-29
ESSI000895,2024-01-29
ESSI000903,2024-01-29
ESSI000645,2024-01-29
ESSI000685,2024-01-29
ESSI000888,2024-01-29
ESSI000916,2024-01-29
ESSI001048,2024-01-29
ESSI000501,2024-01-29
ESSI000620,2024-01-29
ESSI000621,2024-01-29
ESSI000617,2024-01-29
ESSI000618,2024-01-29
ESSI000723,2024-01-29
ESSI000375,2024-01-29
ESSI000509,2024-01-29
ESSI000646,2024-01-29
ESSI000919,2024-01-29
ESSI000622,2024-01-29
ESSI000896,2024-01-29
ESSI000898,2024-01-29
ESSI000904,2024-01-29
ESSI000881,2024-01-29
ESSI000918,2024-01-29
ESSI001066,2024-01-29
ESSI001046,2024-01-29
ESSI000311,2024-01-29
ESSI000503,2024-01-29
ESSI000002,2024-01-29
ESSI000626,2024-01-29
ESSI000687,2024-01-29
ESSI000722,2024-01-29
ESSI000630,2024-01-29
ESSI000894,2024-01-29
ESSI000923,2024-01-29
ESSI000632,2024-01-29
ESSI000633,2024-01-29
ESSI000932,2024-01-29
GOSI000203,2024-01-29
GOSI000161,2024-01-29
GOSI000175,2024-01-29
MASI000372,2024-01-29
MASI003891,2024-01-29
MASI003902,2024-01-29
MASI003908,2024-01-29
MASI001473,2024-01-29
MGSI001313,2024-01-29
MGSI000814,2024-01-29
MGSI001330,2024-01-29
MGSI001027,2024-01-29
MGSI001064,2024-01-29
MGSI000779,2024-01-29
MGSI000866,2024-01-29
MGSI001055,2024-01-29
MGSI001332,2024-01-29
MGSI001110,2024-01-29
MGSI001111,2024-01-29
MGSI001113,2024-01-29
MGSI001114,2024-01-29
MGSI001115,2024-01-29
MGSI001117,2024-01-29
MGSI001118,2024-01-29
MGSI001116,2024-01-29
MGSI000867,2024-01-29
MGSI000758,2024-01-29
MGSI001295,2024-01-29
MGSI001296,2024-01-30
MGSI001336,2024-01-29
MGSI000721,2024-01-29
MGSI000106,2024-01-29
MGSI000835,2024-01-29
MGSI000749,2024-01-29
MGSI000752,2024-01-29
MGSI000753,2024-01-29
MGSI000804,2024-01-29
MGSI000900,2024-01-29
MGSI000202,2024-01-29
MGSI001017,2024-01-29
MGSI000872,2024-01-29
MGSI000873,2024-01-29
MGSI000874,2024-01-29
MGSI001175,2024-01-29
MGSI000847,2024-01-29
MGSI000818,2024-01-29
MGSI000836,2024-01-29
MGSI000960,2024-01-29
MGSI001577,2024-01-29
MGSI000810,2024-01-29
MGSI000881,2024-01-29
MGSI001159,2024-01-29
MGSI001179,2024-01-29
MGSI000879,2024-01-29
MGSI001305,2024-01-29
MGSI000633,2024-01-29
MGSI001039,2024-01-29
MGSI001335,2024-01-29
MGSI001352,2024-01-29
MGSI001353,2024-01-29
MGSI001082,2024-01-29
MGSI000956,2024-01-29
MGSI000062,2024-01-29
MGSI000920,2024-01-29
MGSI000993,2024-01-29
MGSI001341,2024-01-29
MGSI000995,2024-01-29
MGSI001182,2024-01-29
MGSI001183,2024-01-29
MGSI001185,2024-01-29
MGSI001186,2024-01-29
MGSI001187,2024-01-29
MGSI001189,2024-01-29
MGSI001190,2024-01-29
MGSI001354,2024-01-29
MGSI001051,2024-01-29
MGSI000849,2024-01-29
MGSI001403,2024-01-29
MGSI001192,2024-01-29
MGSI001326,2024-01-29
MGSI001057,2024-01-29
MGSI000943,2024-01-29
MGSI000944,2024-01-29
MGSI001124,2024-01-29
MGSI001571,2024-01-29
MGSI000972,2024-01-29
MGSI001546,2024-01-29
MGSI001004,2024-01-29
MGSI001002,2024-01-29
MGSI000777,2024-01-29
MGSI000882,2024-01-29
MGSI000759,2024-01-29
MGSI000743,2024-01-29
MGSI000760,2024-01-29
MGSI000949,2024-01-29
MGSI001204,2024-01-29
MGSI000761,2024-01-29
MGSI000860,2024-01-29
MGSI000962,2024-01-29
MGSI001155,2024-01-29
MGSI000727,2024-01-29
MGSI000828,2024-01-29
MGSI001106,2024-01-29
MGSI001107,2024-01-29
MGSI001153,2024-01-29
MGSI000737,2024-01-29
MGSI001125,2024-01-29
MGSI000805,2024-01-29
MGSI001314,2024-01-29
MGSI001205,2024-01-29
MGSI001329,2024-01-29
MGSI001306,2024-01-29
MGSI001019,2024-01-29
MGSI001029,2024-01-29
MGSI001337,2024-01-29
MGSI001016,2024-01-29
MGSI000918,2024-01-29
MGSI000762,2024-01-29
MGSI001207,2024-01-29
MGSI001208,2024-01-29
MGSI001317,2024-01-29
MGSI000870,2024-01-29
MGSI000871,2024-01-29
MGSI001210,2024-01-29
MGSI001073,2024-01-29
MGSI000885,2024-01-29
MGSI000728,2024-01-29
MGSI000764,2024-01-29
MGSI001211,2024-01-29
MGSI000951,2024-01-29
MGSI001151,2024-01-29
MGSI001629,2024-01-29
MGSI000937,2024-01-29
MGSI000731,2024-01-29
MGSI000959,2024-01-29
MGSI001041,2024-01-29
MGSI000916,2024-01-29
MGSI000917,2024-01-29
MGSI000988,2024-01-29
MGSI001083,2024-01-29
MGSI001152,2024-01-29
MGSI000809,2024-01-29
MGSI001032,2024-01-29
MGSI001333,2024-01-29
MGSI001388,2024-01-29
MGSI001318,2024-01-29
MGSI001033,2024-01-29
MGSI000838,2024-01-29
MGSI001160,2024-01-29
MGSI001161,2024-01-29
MGSI001157,2024-01-30
MGSI001158,2024-01-29
MGSI001058,2024-01-29
MGSI001221,2024-01-29
MGSI001222,2024-01-29
MGSI001223,2024-01-29
MGSI001224,2024-01-29
MGSI001226,2024-01-29
MGSI001228,2024-01-29
MGSI000964,2024-01-29
MGSI000792,2024-01-29
MGSI000791,2024-01-29
MGSI001290,2024-01-29
MGSI000800,2024-01-29
MGSI000798,2024-01-29
MGSI000797,2024-01-29
MGSI000796,2024-01-29
MGSI000795,2024-01-29
MGSI000794,2024-01-29
MGSI000875,2024-01-29
MGSI000986,2024-01-29
MGSI000816,2024-01-29
MGSI000945,2024-01-29
MGSI001131,2024-01-29
MGSI000880,2024-01-29
MGSI001087,2024-01-29
MGSI000765,2024-01-29
MGSI001129,2024-01-29
MGSI001293,2024-01-29
MGSI000978,2024-01-29
MGSI001402,2024-01-29
MGSI000775,2024-01-29
MGSI001020,2024-01-29
MGSI001239,2024-01-29
MGSI001121,2024-01-29
MGSI001316,2024-01-29
MGSI001034,2024-01-29
MGSI001408,2024-01-29
MGSI000936,2024-01-29
MGSI000852,2024-01-29
MGSI001006,2024-01-29
MGSI000997,2024-01-29
MGSI000747,2024-01-29
MGSI000748,2024-01-29
MGSI000807,2024-01-29
MGSI000786,2024-01-29
MGSI000824,2024-01-29
MGSI000892,2024-01-29
MGSI000834,2024-01-29
MGSI000732,2024-01-29
MGSI000733,2024-01-29
MGSI000735,2024-01-29
MGSI000770,2024-01-29
MGSI000886,2024-01-29
MGSI000887,2024-01-29
MGSI000904,2024-01-29
MGSI001245,2024-01-29
MGSI000958,2024-01-29
MGSI000823,2024-01-29
MGSI000938,2024-01-29
MGSI001101,2024-01-29
MGSI001123,2024-01-29
MGSI000883,2024-01-29
MGSI000939,2024-01-29
MGSI000841,2024-01-29
MGSI000821,2024-01-29
MGSI000822,2024-01-29
MGSI000954,2024-01-29
MGSI001606,2024-01-29
MGSI000890,2024-01-29
MGSI000942,2024-01-29
MGSI001624,2024-01-29
MGSI001626,2024-01-29
MGSI001250,2024-01-29
MGSI001251,2024-01-29
MGSI001008,2024-01-29
MGSI001108,2024-01-29
MGSI001630,2024-01-29
MGSI001319,2024-01-29
MGSI000740,2024-01-29
MGSI001060,2024-01-29
MGSI001324,2024-01-29
MGSI000853,2024-01-29
MGSI000736,2024-01-29
MGSI000811,2024-01-29
MGSI001252,2024-01-29
MGSI000911,2024-01-29
MGSI001321,2024-01-29
MGSI000977,2024-01-29
MGSI000969,2024-01-29
MGSI000924,2024-01-29
MGSI000922,2024-01-29
MGSI001609,2024-01-29
MGSI000991,2024-01-29
MGSI001310,2024-01-29
MGSI000926,2024-01-29
MGSI001283,2024-01-29
MGSI001075,2024-01-29
MGSI000769,2024-01-29
MGSI001621,2024-01-29
MGSI000790,2024-01-29
MGSI001628,2024-01-29
MGSI001022,2024-01-29
MGSI001049,2024-01-29
MGSI001311,2024-01-29
MGSI001291,2024-01-29
MGSI001312,2024-01-29
MGSI001260,2024-01-29
MGSI000815,2024-01-29
MGSI000829,2024-01-29
MGSI000830,2024-01-29
MGSI000832,2024-01-29
MGSI001025,2024-01-29
MGSI000957,2024-01-29
MGSI001570,2024-01-29
MGSI000844,2024-01-29
MGSI001122,2024-01-29
MGSI001050,2024-01-29
MGSI000984,2024-01-29
MGSI001396,2024-01-29
MGSI001322,2024-01-29
MGSI001262,2024-01-29
MGSI001263,2024-01-29
MGSI001265,2024-01-29
MGSI001266,2024-01-29
MGSI000817,2024-01-29
MGSI000980,2024-01-29
MGSI000757,2024-01-29
MGSI001339,2024-01-29
MGSI000907,2024-01-29
MGSI000929,2024-01-30
MGSI000933,2024-01-29
MGSI000967,2024-01-29
MGSI001063,2024-01-29
MGSI000990,2024-01-29
MGSI000927,2024-01-29
MGSI000999,2024-01-29
MGSI000989,2024-01-29
MGSI001300,2024-01-29
MGSI001303,2024-01-29
MGSI001576,2024-01-29
MGSI001271,2024-01-29
MGSI001272,2024-01-29
MGSI001273,2024-01-29
MGSI001274,2024-01-29
MGSI001276,2024-01-29
MGSI001277,2024-01-29
MGSI001611,2024-01-29
MGSI000827,2024-01-29
MGSI001356,2024-01-29
MGSI001357,2024-01-29
MGSI000908,2024-01-29
MGSI000909,2024-01-29
MGSI001079,2024-01-29
MGSI000910,2024-01-29
MGSI001135,2024-01-29
MGSI001105,2024-01-29
MGSI001026,2024-01-29
MGSI000914,2024-01-29
MGSI000893,2024-01-29
MGSI001154,2024-01-29
MGSI001569,2024-01-29
MGSI000982,2024-01-29
MGSI000983,2024-01-29
MGSI000812,2024-01-29
MGSI000865,2024-01-29
MGSI000755,2024-01-29
MGSI001323,2024-01-29
MGSI001302,2024-01-29
MGSI000788,2024-01-29
MGSI000857,2024-01-29
MGSI001280,2024-01-29
MGSI001619,2024-01-29
MSSI000032,2024-01-29
MSSI000352,2024-01-29
MSSI000343,2024-01-29
MSSI000038,2024-01-29
MSSI000336,2024-01-29
MSSI000341,2024-01-29
MSSI000335,2024-01-29
MSSI000249,2024-01-29
MSSI000131,2024-01-29
MSSI000248,2024-01-29
MTSI000392,2024-01-29
MTSI000394,2024-01-29
MTSI000029,2024-01-29
MTSI000399,2024-01-29
MTSI000009,2024-01-29
MTSI000453,2024-01-29
MTSI000343,2024-01-29
PASI003187,2024-01-29
PASI003188,2024-01-29
PASI001365,2024-01-29
PASI003993,2024-01-29
PASI003994,2024-01-29
PBSI000329,2024-01-29
PBSI000330,2024-01-29
PBSI000331,2024-01-29
PBSI000555,2024-01-29
PBSI000556,2024-01-29
PBSI000557,2024-01-29
PBSI000336,2024-01-29
PBSI000337,2024-01-29
PBSI000338,2024-01-29
PBSI000339,2024-01-29
PBSI000583,2024-01-29
PBSI000341,2024-01-29
PBSI000342,2024-01-29
PBSI000343,2024-01-29
PBSI000344,2024-01-30
PBSI000345,2024-01-29
PBSI000346,2024-01-29
PBSI000348,2024-01-29
PBSI000349,2024-01-29
PBSI000350,2024-01-29
PBSI000351,2024-01-29
PBSI000352,2024-01-29
PBSI000302,2024-01-29
PBSI000353,2024-01-29
PBSI000354,2024-01-29
PBSI000355,2024-01-29
PBSI000610,2024-01-29
PBSI000356,2024-01-29
PBSI000357,2024-01-29
PBSI000358,2024-01-29
PBSI000359,2024-01-29
PBSI000601,2024-01-29
PBSI000364,2024-01-29
PBSI000365,2024-01-29
PBSI000366,2024-01-29
PBSI000368,2024-01-29
PBSI000369,2024-01-29
PBSI000371,2024-01-29
PBSI000372,2024-01-29
PBSI000373,2024-01-29
PBSI000374,2024-01-29
PBSI000376,2024-01-29
PBSI000378,2024-01-29
PBSI000595,2024-01-29
PBSI000598,2024-01-29
PBSI000380,2024-01-29
PBSI000381,2024-01-29
PBSI000384,2024-01-29
PBSI000385,2024-01-29
PBSI000567,2024-01-29
PBSI000572,2024-01-29
PBSI000591,2024-01-29
PBSI000606,2024-01-29
PBSI000607,2024-01-29
PBSI000589,2024-01-29
PBSI000388,2024-01-29
PBSI000389,2024-01-29
PBSI000390,2024-01-29
PBSI000391,2024-01-29
PBSI000392,2024-01-29
PBSI000395,2024-01-29
PBSI000396,2024-01-29
PBSI000397,2024-01-29
PBSI000399,2024-01-29
PBSI000401,2024-01-29
PBSI000403,2024-01-29
PBSI000407,2024-01-29
PBSI000408,2024-01-29
PBSI000559,2024-01-29
PBSI000569,2024-01-29
PBSI000409,2024-01-29
PBSI000410,2024-01-29
PBSI000412,2024-01-29
PBSI000415,2024-01-29
PBSI000416,2024-01-29
PBSI000417,2024-01-29
PBSI000419,2024-01-29
PBSI000420,2024-01-29
PBSI000425,2024-01-29
PBSI000427,2024-01-29
PBSI000429,2024-01-29
PBSI000431,2024-01-29
PBSI000310,2024-01-29
PBSI000311,2024-01-29
PBSI000312,2024-01-29
PBSI000432,2024-01-29
PBSI000438,2024-01-29
PBSI000439,2024-01-29
PBSI000440,2024-01-29
PBSI000441,2024-01-29
PBSI000446,2024-01-29
PBSI000447,2024-01-29
PBSI000448,2024-01-29
PBSI000450,2024-01-29
PBSI000452,2024-01-29
PBSI000570,2024-01-29
PBSI000574,2024-01-29
PBSI000581,2024-01-29
PBSI000592,2024-01-29
PBSI000456,2024-01-29
PBSI000457,2024-01-29
PBSI000458,2024-01-29
PBSI000459,2024-01-29
PBSI000468,2024-01-29
PBSI000469,2024-01-29
PBSI000470,2024-01-29
PBSI000472,2024-01-29
PBSI000473,2024-01-29
PBSI000577,2024-01-29
PBSI000605,2024-01-29
PBSI000665,2024-01-29
PBSI000479,2024-01-29
PBSI000602,2024-01-29
PBSI000558,2024-01-29
PBSI000480,2024-01-29
PBSI000482,2024-01-29
PBSI000487,2024-01-29
PBSI000488,2024-01-29
PBSI000492,2024-01-29
PBSI000493,2024-01-29
PBSI000560,2024-01-29
PBSI000497,2024-01-29
PBSI000498,2024-01-29
PBSI000499,2024-01-29
PBSI000584,2024-01-29
PBSI000501,2024-01-29
PBSI000503,2024-01-29
PBSI000506,2024-01-29
PBSI000507,2024-01-29
PBSI000593,2024-01-29
PBSI000303,2024-01-29
PBSI000510,2024-01-29
PBSI000563,2024-01-29
PBSI000516,2024-01-29
PBSI000562,2024-01-29
PBSI000517,2024-01-29
PBSI000518,2024-01-29
PBSI000519,2024-01-29
PBSI000566,2024-01-29
PBSI000585,2024-01-29
PBSI000597,2024-01-29
PBSI000024,2024-01-29
PBSI000521,2024-01-29
PBSI000554,2024-01-29
PBSI000522,2024-01-29
PBSI000523,2024-01-29
PBSI000524,2024-01-29
PBSI000525,2024-01-29
PBSI000526,2024-01-29
PBSI000527,2024-01-29
PBSI000528,2024-01-29
PBSI000530,2024-01-29
PBSI000531,2024-01-29
PBSI000532,2024-01-29
PBSI000533,2024-01-29
PBSI000535,2024-01-29
PBSI000536,2024-01-29
PBSI000582,2024-01-29
PBSI000609,2024-01-29
PBSI000540,2024-01-29
PBSI000603,2024-01-29
PESI001212,2024-01-29
PESI001245,2024-01-29
PESI001251,2024-01-29
PESI001266,2024-01-29
PESI001269,2024-01-29
PESI001252,2024-01-29
PESI001005,2024-01-29
PESI001060,2024-01-29
PESI001213,2024-01-29
PESI001042,2024-01-29
PESI001061,2024-01-29
PESI001062,2024-01-29
PESI001292,2024-01-29
PESI001158,2024-01-29
PESI001166,2024-01-29
PESI001175,2024-01-29
PESI001006,2024-01-29
PESI001043,2024-01-29
PESI001150,2024-01-29
PESI001154,2024-01-29
PESI000906,2024-01-29
PESI000942,2024-01-29
PESI001024,2024-01-29
PESI001136,2024-01-29
PESI000872,2024-01-29
PESI000899,2024-01-29
PESI000927,2024-01-29
PESI000943,2024-01-29
PESI000976,2024-01-29
PESI001045,2024-01-29
PESI000880,2024-01-29
PESI000945,2024-01-29
PESI001081,2024-01-29
PESI001086,2024-01-29
PESI001195,2024-01-29
PESI000784,2024-01-29
PESI000907,2024-01-29
PESI000965,2024-01-29
PESI000990,2024-01-29
PESI001008,2024-01-29
PESI001063,2024-01-29
PESI001110,2024-01-29
PESI001171,2024-01-29
PESI000950,2024-01-29
PESI001256,2024-01-29
PESI001064,2024-01-29
PESI001122,2024-01-29
PESI001194,2024-01-29
PESI000809,2024-01-29
PESI000810,2024-01-29
PESI000814,2024-01-29
PESI000817,2024-01-29
PESI000818,2024-01-30
PESI000820,2024-01-29
PESI000978,2024-01-29
PESI001085,2024-01-29
PESI001095,2024-01-29
PESI001294,2024-01-29
PESI000933,2024-01-29
PESI001028,2024-01-29
PESI001242,2024-01-29
PESI001249,2024-01-29
PESI001259,2024-01-29
PESI001264,2024-01-29
PESI001268,2024-01-29
PESI000900,2024-01-29
PESI001169,2024-01-29
PESI000824,2024-01-29
PESI000979,2024-01-29
PESI001010,2024-01-29
PESI001243,2024-01-29
PESI000793,2024-01-29
PESI001134,2024-01-29
PESI000770,2024-01-29
PESI000772,2024-01-29
PESI000773,2024-01-29
PESI000780,2024-01-29
PESI000781,2024-01-29
PESI000776,2024-01-29
PESI000777,2024-01-29
PESI000778,2024-01-29
PESI000782,2024-01-29
PESI000783,2024-01-29
PESI000921,2024-01-29
PESI001126,2024-01-29
PESI001167,2024-01-29
PESI000827,2024-01-29
PESI000829,2024-01-29
PESI001011,2024-01-29
PESI001209,2024-01-29
PESI001188,2024-01-29
PESI000908,2024-01-29
PESI000953,2024-01-29
PESI001049,2024-01-29
PESI001067,2024-01-29
PESI000893,2024-01-29
PESI001180,2024-01-29
PESI000883,2024-01-29
PESI000914,2024-01-29
PESI001031,2024-01-29
PESI001204,2024-01-29
PESI001255,2024-01-29
PESI000903,2024-01-29
PESI000923,2024-01-29
PESI000929,2024-01-29
PESI000930,2024-01-29
PESI000954,2024-01-29
PESI001119,2024-01-29
PESI001132,2024-01-29
PESI001162,2024-01-29
PESI000836,2024-01-29
PESI000837,2024-01-29
PESI000935,2024-01-29
PESI000946,2024-01-29
PESI000961,2024-01-29
PESI000982,2024-01-29
PESI001124,2024-01-29
PESI000905,2024-01-29
PESI000909,2024-01-29
PESI001123,2024-01-29
PESI000839,2024-01-29
PESI000936,2024-01-29
PESI001033,2024-01-29
PESI000869,2024-01-29
PESI000901,2024-01-29
PESI000962,2024-01-29
PESI001107,2024-01-29
PESI001138,2024-01-29
PESI001146,2024-01-29
PESI001193,2024-01-29
PESI000917,2024-01-29
PESI000841,2024-01-29
PESI001199,2024-01-29
PESI001237,2024-01-29
PESI001233,2024-01-29
PESI001226,2024-01-29
PESI001217,2024-01-29
PESI001221,2024-01-29
PESI001192,2024-01-29
PESI001295,2024-01-29
PESI000957,2024-01-29
PESI000993,2024-01-29
PESI001215,2024-01-29
PESI000994,2024-01-29
PESI001101,2024-01-29
PESI000843,2024-01-29
PESI000999,2024-01-29
PESI001106,2024-01-29
PESI001159,2024-01-29
PESI000845,2024-01-29
PESI000846,2024-01-29
PESI000847,2024-01-29
PESI001224,2024-01-29
PESI001202,2024-01-29
PESI000786,2024-01-29
PESI000856,2024-01-29
PESI001000,2024-01-29
PESI001111,2024-01-29
PESI001164,2024-01-29
PESI000895,2024-01-29
PESI000963,2024-01-29
PESI000984,2024-01-29
PESI001015,2024-01-29
PESI001075,2024-01-29
PESI001077,2024-01-29
PESI001078,2024-01-29
PESI001079,2024-01-29
PESI001080,2024-01-29
PESI001082,2024-01-29
PESI001083,2024-01-29
PESI001088,2024-01-29
PESI001089,2024-01-29
PESI001091,2024-01-29
PESI001092,2024-01-29
PESI001103,2024-01-29
PESI001017,2024-01-29
PESI001053,2024-01-29
PESI000863,2024-01-29
PESI000938,2024-01-29
PESI001105,2024-01-29
PESI001140,2024-01-29
PESI001120,2024-01-29
PESI001139,2024-01-29
PESI000761,2024-01-29
PESI000865,2024-01-29
PESI000902,2024-01-29
PESI001019,2024-01-29
PESI001054,2024-01-29
PESI001155,2024-01-29
PESI000888,2024-01-29
PESI000939,2024-01-29
PESI001055,2024-01-29
PESI001112,2024-01-29
PESI000972,2024-01-29
PESI000871,2024-01-29
PESI001020,2024-01-29
PESI001038,2024-01-29
PESI001057,2024-01-29
PESI001170,2024-01-29
PESI001039,2024-01-29
PESI001058,2024-01-29
PESI001254,2024-01-29
PESI001182,2024-01-29
PESI001117,2024-01-29
PESI001191,2024-01-29
PESI000973,2024-01-29
PESI000985,2024-01-29
PESI001260,2024-01-29
PESI001261,2024-01-29
PESI001001,2024-01-29
PESI001021,2024-01-29
PESI001096,2024-01-29
PESI001097,2024-01-29
PESI001234,2024-01-29
PESI001230,2024-01-29
PESI001216,2024-01-29
PESI001201,2024-01-29
PESI001102,2024-01-29
PESI000789,2024-01-29
PESI000790,2024-01-29
PESI001022,2024-01-29
PESI000868,2024-01-29
PESI000940,2024-01-29
PESI001002,2024-01-29
PESI001263,2024-01-29
PESI001003,2024-01-29
PESI001145,2024-01-29
PESI000974,2024-01-29
PESI001186,2024-01-29
PESI001189,2024-01-29
PESI001240,2024-01-29
PESI001148,2024-01-29
PESI001181,2024-01-29
PESI000877,2024-01-29
PESI000878,2024-01-29
PESI001130,2024-01-29
PISI000586,2024-01-29
PISI000598,2024-01-29
PISI000528,2024-01-29
PISI000600,2024-01-29
PISI000882,2024-01-29
PISI000540,2024-01-29
PISI000601,2024-01-29
PISI000602,2024-01-29
PISI000604,2024-01-29
PISI000605,2024-01-29
PISI000606,2024-01-29
PISI000607,2024-01-29
PISI000609,2024-01-29
PISI000610,2024-01-29
PISI000923,2024-01-29
PISI000611,2024-01-29
PISI000612,2024-01-29
PISI000752,2024-01-29
PISI000753,2024-01-29
PISI000614,2024-01-29
PISI000623,2024-01-29
PISI000635,2024-01-29
PISI000636,2024-01-29
PISI000639,2024-01-29
PISI000640,2024-01-29
PISI000646,2024-01-29
PISI000648,2024-01-29
PISI000872,2024-01-29
PISI000650,2024-01-29
PISI000190,2024-01-29
PISI000654,2024-01-29
PISI000655,2024-01-29
PISI000656,2024-01-29
PISI000657,2024-01-29
PISI000659,2024-01-29
PISI000660,2024-01-29
PISI000661,2024-01-29
PISI000662,2024-01-29
PISI000664,2024-01-29
PISI000665,2024-01-29
PISI000763,2024-01-29
PISI000667,2024-01-29
PISI000543,2024-01-29
PISI000670,2024-01-29
PISI000672,2024-01-29
PISI000673,2024-01-29
PISI000674,2024-01-29
PISI000676,2024-01-29
PISI000791,2024-01-29
PISI000793,2024-01-29
PISI000794,2024-01-29
PISI000795,2024-01-29
PISI000796,2024-01-29
PISI000922,2024-01-29
PISI000924,2024-01-29
PISI000682,2024-01-29
PISI000683,2024-01-29
PISI000684,2024-01-29
PISI000685,2024-01-29
PISI000686,2024-01-29
PISI000687,2024-01-29
PISI000694,2024-01-29
PISI000696,2024-01-29
PISI000697,2024-01-29
PISI000698,2024-01-29
PISI000699,2024-01-29
PISI000700,2024-01-29
PISI000517,2024-01-29
PISI000809,2024-01-29
PISI000811,2024-01-29
PISI000812,2024-01-29
PISI000813,2024-01-29
PISI000814,2024-01-29
PISI000815,2024-01-29
PISI000816,2024-01-29
PISI000817,2024-01-29
PISI000818,2024-01-29
PISI000820,2024-01-29
PISI000701,2024-01-29
PISI000702,2024-01-29
PISI000703,2024-01-29
PISI000822,2024-01-29
PISI000824,2024-01-29
PISI000826,2024-01-29
PISI000704,2024-01-29
PISI000705,2024-01-29
PISI000706,2024-01-29
PISI000708,2024-01-29
PISI000109,2024-01-29
PISI000925,2024-01-29
PISI000837,2024-01-29
PISI000838,2024-01-29
PISI000839,2024-01-29
PISI000840,2024-01-29
PISI000843,2024-01-29
PISI000844,2024-01-29
PISI000930,2024-01-29
PISI000932,2024-01-29
PISI000934,2024-01-29
PISI000936,2024-01-29
PISI000937,2024-01-29
PISI000939,2024-01-29
PISI000940,2024-01-29
PISI000941,2024-01-29
PISI000942,2024-01-29
PISI000718,2024-01-29
PISI000719,2024-01-29
PISI000724,2024-01-29
PISI000725,2024-01-29
PISI000728,2024-01-29
PRSI000346,2024-01-29
PRSI000321,2024-01-29
PRSI000172,2024-01-29
RJSI000619,2024-01-29
RJSI000620,2024-01-29
RNSI000693,2024-01-29
RNSI000694,2024-01-29
RNSI000816,2024-01-29
RNSI000642,2024-01-29
RNSI000644,2024-01-29
RNSI000647,2024-01-29
RNSI000476,2024-01-29
RNSI000819,2024-01-29
RNSI000511,2024-01-29
RNSI000516,2024-01-29
RNSI000517,2024-01-29
RNSI000658,2024-01-29
RNSI000518,2024-01-29
RNSI000533,2024-01-29
RNSI000514,2024-01-29
RNSI000554,2024-01-29
RNSI000662,2024-01-29
RNSI000664,2024-01-29
RNSI000665,2024-01-29
RNSI000718,2024-01-29
RNSI000719,2024-01-29
RNSI000720,2024-01-29
RNSI000723,2024-01-29
RNSI000666,2024-01-29
RNSI000724,2024-01-29
RNSI000725,2024-01-29
RNSI000726,2024-01-29
RNSI000727,2024-01-29
RNSI000728,2024-01-29
RNSI000030,2024-01-29
RNSI000298,2024-01-29
RNSI000549,2024-01-29
RNSI000729,2024-01-29
RNSI000669,2024-01-29
RNSI000670,2024-01-29
RNSI000671,2024-01-29
RNSI000675,2024-01-29
RNSI000731,2024-01-29
RNSI000734,2024-01-29
RNSI000735,2024-01-29
RNSI000737,2024-01-29
RNSI000550,2024-01-29
RNSI000679,2024-01-29
RNSI000680,2024-01-29
RNSI000681,2024-01-29
RNSI000682,2024-01-29
RNSI000683,2024-01-29
RNSI000684,2024-01-29
RNSI000685,2024-01-29
RNSI000686,2024-01-29
RNSI000688,2024-01-29
RNSI000689,2024-01-29
RNSI000336,2024-01-29
RNSI000691,2024-01-29
RNSI000738,2024-01-29
RNSI000739,2024-01-29
RNSI000450,2024-01-29
RNSI000741,2024-01-29
RNSI000742,2024-01-29
RNSI000337,2024-01-29
RNSI000743,2024-01-29
RNSI000552,2024-01-29
RNSI000748,2024-01-29
RNSI000749,2024-01-29
RNSI000750,2024-01-29
RNSI000751,2024-01-29
RNSI000752,2024-01-29
RNSI000753,2024-01-29
RNSI000755,2024-01-29
RNSI000812,2024-01-29
RNSI000759,2024-01-29
RNSI000761,2024-01-29
RNSI000762,2024-01-29
RNSI000773,2024-01-29
RNSI000774,2024-01-29
RNSI000775,2024-01-29
RNSI000776,2024-01-29
RNSI000777,2024-01-29
RNSI000847,2024-01-29
RNSI000519,2024-01-29
RNSI000778,2024-01-29
RNSI000779,2024-01-29
RNSI000780,2024-01-29
RNSI000781,2024-01-29
RNSI000841,2024-01-29
RNSI000457,2024-01-29
RNSI000788,2024-01-29
RNSI000793,2024-01-29
RNSI000794,2024-01-29
RNSI000797,2024-01-29
RNSI000454,2024-01-29
RNSI000799,2024-01-29
RNSI000483,2024-01-29
RNSI000801,2024-01-29
RNSI000802,2024-01-29
RNSI000487,2024-01-29
RNSI000488,2024-01-29
RNSI000804,2024-01-29
RNSI000805,2024-01-29
RNSI000806,2024-01-29
RNSI000200,2024-01-29
RNSI000808,2024-01-29
RNSI000465,2024-01-29
RNSI000810,2024-01-29
RNSI000815,2024-01-29
RNSI000848,2024-01-29
RSSI000422,2024-01-29
RSSI000415,2024-01-29
RSSI000440,2024-01-29
SCSI000169,2024-01-29
SESI000381,2024-01-29
SESI000375,2024-01-29
SESI000382,2024-01-29
SESI000384,2024-01-29
SESI000385,2024-01-29
SESI000373,2024-01-29
SESI000372,2024-01-29
SESI000371,2024-01-29
SESI000389,2024-01-29
SESI000390,2024-01-29
SESI000446,2024-01-29
SESI000391,2024-01-29
SESI000393,2024-01-29
SESI000395,2024-01-29
SESI000445,2024-01-29
SESI000447,2024-01-29
SESI000397,2024-01-29
SESI000448,2024-01-29
SESI000374,2024-01-29
SESI000400,2024-01-29
SESI000401,2024-01-29
SESI000402,2024-01-29
SESI000403,2024-01-29
SESI000404,2024-01-29
SESI000405,2024-01-29
SESI000444,2024-01-29
SESI000449,2024-01-29
SPSI000378,2024-01-29
SPSI000382,2024-01-29
SPSI000017,2024-01-29
SPSI000069,2024-01-29
SPSI000385,2024-01-29
SPSI000146,2024-01-29
SPSI000333,2024-01-29
SPSI000317,2024-01-29
SPSI000321,2024-01-29
SPSI000326,2024-01-29
SPSI000064,2024-01-29
SPSI000029,2024-01-29
SPSI000087,2024-01-29
SPSI000088,2024-01-29
TOSI000292,2024-01-29
TOSI000266,2024-01-29
TOSI000355,2024-01-29
TOSI000341,2024-01-29
TOSI000273,2024-01-29
TOSI000274,2024-01-29
TOSI000275,2024-01-29
TOSI000276,2024-01-29
TOSI000277,2024-01-29
TOSI000278,2024-01-29
TOSI000279,2024-01-29
TOSI000309,2024-01-29
TOSI000332,2024-01-29
TOSI000345,2024-01-29
TOSI000282,2024-01-29
TOSI000261,2024-01-29
TOSI000142,2024-01-29
TOSI000359,2024-01-30
TOSI000076,2024-01-29
TOSI000308,2024-01-29
TOSI000333,2024-01-29
TOSI000335,2024-01-29
TOSI000336,2024-01-29
TOSI000338,2024-01-29
TOSI000339,2024-01-29
BASI003346,2024-01-29
CESI001410,2024-01-29
DFSI000024,2024-01-29
ESSI000321,2024-01-29
GOSI000182,2024-01-29
MASI000370,2024-01-29
MGSI000776,2024-01-29
MSSI000196,2024-01-29
MTSI000383,2024-01-29
PASI003258,2024-01-29
PESI001157,2024-01-29
PESI001098,2024-01-29
PISI000584,2024-01-29
PRSI000023,2024-01-29
RJSI000621,2024-01-29
RNSI000692,2024-01-29
RSSI000412,2024-01-29
SCSI000144,2024-01-29
SESI000380,2024-01-29
SPSI000274,2024-01-29
TOSI000316,2024-01-29
BASI002545,2024-01-29
BASI002812,2024-01-29
ESSI000738,2024-01-29
ESSI000730,2024-01-29
ESSI000732,2024-01-29
ESSI000995,2024-01-29
ESSI000497,2024-01-29
ESSI000610,2024-01-29
ESSI000406,2024-01-29
ESSI000372,2024-01-29
ESSI000892,2024-01-29
MGSI000813,2024-01-29
MGSI000725,2024-01-29
MGSI001297,2024-01-29
MGSI001298,2024-01-29
MGSI000861,2024-01-29
MGSI001054,2024-01-29
MGSI001355,2024-01-29
MGSI000934,2024-01-29
MGSI000772,2024-01-29
MGSI001315,2024-01-29
MGSI001062,2024-01-29
MGSI001620,2024-01-29
MGSI001275,2024-01-29
MGSI000713,2024-01-29
MGSI000856,2024-01-29
MSSI000324,2024-01-29
MSSI000323,2024-01-29
MSSI000262,2024-01-29
MSSI000326,2024-01-29
PBSI000594,2024-01-29
PBSI000360,2024-01-29
PBSI000386,2024-01-29
PBSI000387,2024-01-29
PBSI000475,2024-01-29
PBSI000476,2024-01-29
PBSI000478,2024-01-29
PBSI000235,2024-01-29
PBSI000561,2024-01-29
PBSI000596,2024-01-29
PBSI000608,2024-01-29
PESI000802,2024-01-29
PESI000826,2024-01-29
PESI000870,2024-01-29
PESI000928,2024-01-29
PESI000980,2024-01-29
PESI001227,2024-01-29
PESI001231,2024-01-29
PESI001218,2024-01-29
PESI001222,2024-01-29
PESI001223,2024-01-29
PESI001225,2024-01-29
PESI001274,2024-01-29
PESI000922,2024-01-29
PESI001093,2024-01-29
PESI001094,2024-01-29
PESI001137,2024-01-29
PESI000998,2024-01-29
PESI001205,2024-01-29
PESI001206,2024-01-29
PESI001087,2024-01-29
PESI000910,2024-01-29
PESI000958,2024-01-29
PESI001173,2024-01-29
PESI001156,2024-01-29
PESI000794,2024-01-29
PESI001115,2024-01-29
PISI000737,2024-01-29
PISI000668,2024-01-29
RNSI000699,2024-01-29
RNSI000701,2024-01-29
RNSI000702,2024-01-29
RNSI000703,2024-01-29
RNSI000704,2024-01-29
RNSI000706,2024-01-29
RNSI000651,2024-01-29
RNSI000653,2024-01-29
RNSI000655,2024-01-29
RNSI000656,2024-01-29
RNSI000657,2024-01-29
RNSI000660,2024-01-29
RNSI000709,2024-01-29
RNSI000710,2024-01-29
RNSI000661,2024-01-29
RNSI000712,2024-01-29
RNSI000713,2024-01-29
RNSI000485,2024-01-29
RNSI000486,2024-01-29
RNSI000758,2024-01-29
RNSI000760,2024-01-29
RNSI000817,2024-01-29
RNSI000478,2024-01-29
RNSI000787,2024-01-29
RNSI000791,2024-01-29
RNSI000792,2024-01-29
SPSI000388,2024-01-29
SPSI000390,2024-01-29
SPSI000391,2024-01-29
SPSI000393,2024-01-29
TOSI000260,2024-01-29
BASI002431,2024-02-14
AMSI002010,2024-02-14
AMSI001799,2024-02-14
AMSI001859,2024-02-14
AMSI001819,2024-02-14
AMSI001897,2024-02-14
AMSI002036,2024-02-14
AMSI001360,2024-02-14
AMSI001363,2024-02-14
AMSI001365,2024-02-14
AMSI001423,2024-02-14
AMSI001428,2024-02-14
AMSI001430,2024-02-14
AMSI001435,2024-02-14
AMSI001966,2024-02-14
AMSI002030,2024-02-14
AMSI001606,2024-02-14
AMSI001609,2024-02-14
AMSI001610,2024-02-14
AMSI001258,2024-02-14
AMSI001279,2024-02-14
AMSI001290,2024-02-14
AMSI001294,2024-02-14
AMSI001296,2024-02-14
AMSI001298,2024-02-14
AMSI001301,2024-02-14
AMSI001303,2024-02-14
AMSI001377,2024-02-14
AMSI001392,2024-02-14
AMSI001396,2024-02-14
AMSI001407,2024-02-14
AMSI001694,2024-02-14
AMSI001682,2024-02-14
AMSI001711,2024-02-14
AMSI001960,2024-02-14
AMSI001981,2024-02-14
AMSI001996,2024-02-14
AMSI002040,2024-02-14
AMSI000725,2024-02-14
AMSI002531,2024-02-14
AMSI001636,2024-02-14
AMSI001639,2024-02-14
AMSI001717,2024-02-14
AMSI001944,2024-02-14
AMSI002042,2024-02-14
AMSI002224,2024-02-14
AMSI002354,2024-02-14
AMSI001770,2024-02-14
AMSI001773,2024-02-14
AMSI001776,2024-02-14
BASI003386,2024-02-14
BASI003286,2024-02-14
BASI003317,2024-02-14
BASI002566,2024-02-14
BASI002592,2024-02-14
BASI002594,2024-02-14
BASI002899,2024-02-14
BASI002284,2024-02-14
BASI002286,2024-02-14
BASI002287,2024-02-14
BASI002289,2024-02-14
BASI003348,2024-02-14
BASI002291,2024-02-14
BASI002293,2024-02-14
BASI002880,2024-02-14
BASI003082,2024-02-14
BASI003260,2024-02-14
BASI003295,2024-02-14
BASI002752,2024-02-14
BASI002312,2024-02-14
BASI002314,2024-02-14
BASI002315,2024-02-14
BASI002316,2024-02-14
BASI002319,2024-02-14
BASI003291,2024-02-14
BASI002329,2024-02-14
BASI003313,2024-02-14
BASI002553,2024-02-14
BASI003013,2024-02-14
BASI003061,2024-02-14
BASI002961,2024-02-14
BASI003322,2024-02-14
BASI003135,2024-02-14
BASI003136,2024-02-14
BASI002995,2024-02-14
BASI003186,2024-02-14
BASI002515,2024-02-14
BASI002519,2024-02-14
BASI002520,2024-02-14
BASI002522,2024-02-14
BASI002524,2024-02-14
BASI002525,2024-02-14
BASI002907,2024-02-14
BASI003242,2024-02-14
BASI003245,2024-02-14
BASI003247,2024-02-14
BASI003250,2024-02-14
BASI003256,2024-02-14
BASI003293,2024-02-14
BASI002555,2024-02-14
BASI002624,2024-02-14
BASI004068,2024-02-14
BASI003272,2024-02-14
BASI003294,2024-02-14
BASI002533,2024-02-14
BASI002710,2024-02-14
BASI002600,2024-02-14
BASI002711,2024-02-14
BASI002843,2024-02-14
BASI002892,2024-02-14
BASI002931,2024-02-14
BASI003003,2024-02-14
BASI002774,2024-02-14
BASI002775,2024-02-14
BASI003309,2024-02-14
BASI002826,2024-02-14
BASI003237,2024-02-14
BASI003238,2024-02-14
MASI002555,2024-02-14
MASI001388,2024-02-14
MASI002316,2024-02-14
MASI002324,2024-02-14
MASI002402,2024-02-14
MASI002504,2024-02-14
MASI002096,2024-02-14
MASI001568,2024-02-14
MASI001967,2024-02-14
MASI001971,2024-02-14
MASI001987,2024-02-14
MASI002002,2024-02-14
MASI002151,2024-02-14
MASI002449,2024-02-14
MASI002856,2024-02-14
MASI002390,2024-02-14
MASI002461,2024-02-14
MASI002633,2024-02-14
MASI002106,2024-02-14
MASI002088,2024-02-14
MASI001913,2024-02-14
MASI002880,2024-02-14
MASI002420,2024-02-14
MASI003093,2024-02-14
MASI003099,2024-02-14
MASI002865,2024-02-14
MASI002888,2024-02-14
MASI003252,2024-02-14
MASI001975,2024-02-14
MASI002855,2024-02-14
MASI002892,2024-02-14
MASI002337,2024-02-14
MASI002643,2024-02-14
MASI002526,2024-02-14
MASI002130,2024-02-14
MASI002135,2024-02-14
MASI002136,2024-02-14
MASI002527,2024-02-14
MASI002573,2024-02-14
MASI003566,2024-02-14
MASI002225,2024-02-14
MASI002619,2024-02-14
MASI002138,2024-02-14
MASI000269,2024-02-14
MASI001710,2024-02-14
MASI002577,2024-02-14
MGSI001170,2024-02-14
PASI003790,2024-02-14
PASI003978,2024-02-14
PASI003988,2024-02-14
PASI000437,2024-02-14
PASI003401,2024-02-14
PASI003543,2024-02-14
PASI004048,2024-02-14
PASI003745,2024-02-14
PISI000731,2024-02-14
PISI000588,2024-02-14
PISI000589,2024-02-14
PISI000591,2024-02-14
PISI000595,2024-02-14
PISI000596,2024-02-14
PISI000736,2024-02-14
PISI000739,2024-02-14
PISI000740,2024-02-14
PISI000885,2024-02-14
PISI000527,2024-02-14
PISI000619,2024-02-14
PISI000620,2024-02-14
PISI000626,2024-02-14
PISI000628,2024-02-14
PISI000629,2024-02-14
PISI000632,2024-02-14
PISI000633,2024-02-14
PISI000641,2024-02-14
PISI000642,2024-02-14
PISI000643,2024-02-14
PISI000644,2024-02-14
PISI000645,2024-02-14
PISI000764,2024-02-14
PISI000765,2024-02-14
PISI000767,2024-02-14
PISI000769,2024-02-14
PISI000770,2024-02-14
PISI000546,2024-02-14
PISI000547,2024-02-14
PISI000548,2024-02-14
PISI000549,2024-02-14
PISI000550,2024-02-14
PISI000551,2024-02-14
PISI000555,2024-02-14
PISI000560,2024-02-14
PISI000562,2024-02-14
PISI000565,2024-02-14
PISI000566,2024-02-14
PISI000567,2024-02-14
PISI000570,2024-02-14
PISI000572,2024-02-14
PISI000775,2024-02-14
PISI000779,2024-02-14
PISI000780,2024-02-14
PISI000784,2024-02-14
PISI000788,2024-02-14
PISI000677,2024-02-14
PISI000678,2024-02-14
PISI000894,2024-02-14
PISI000688,2024-02-14
PISI000689,2024-02-14
PISI000578,2024-02-14
PISI000581,2024-02-14
PISI000583,2024-02-14
PISI000828,2024-02-14
PISI000707,2024-02-14
PISI000833,2024-02-14
PISI000835,2024-02-14
PISI000929,2024-02-14
PISI000519,2024-02-14
PISI000852,2024-02-14
PISI000854,2024-02-14
PISI000855,2024-02-14
PISI000856,2024-02-14
ROSI000477,2024-02-14
ROSI000533,2024-02-14
RRSI000561,2024-02-14
RRSI000574,2024-02-14
ACSI000390,2024-03-28
ACSI000618,2024-03-28
ACSI000614,2024-03-28
ACSI000392,2024-03-28
ACSI000445,2024-03-28
ACSI000446,2024-03-28
ACSI000709,2024-03-28
ACSI000458,2024-03-28
ACSI000550,2024-03-28
ACSI000552,2024-03-28
ACSI000556,2024-03-28
ACSI000529,2024-03-28
ACSI000558,2024-03-28
ACSI000559,2024-03-28
ACSI000617,2024-03-28
ACSI000624,2024-03-28
ACSI000361,2024-03-28
ACSI000370,2024-03-28
ACSI000428,2024-03-28
ACSI000439,2024-03-28
ACSI000440,2024-03-28
ACSI000499,2024-03-28
ACSI000501,2024-03-28
ACSI000502,2024-03-28
ACSI000503,2024-03-28
ACSI000504,2024-03-28
ACSI000507,2024-03-28
ACSI000511,2024-03-28
ACSI000513,2024-03-28
ACSI000516,2024-03-28
ACSI000517,2024-03-28
ACSI000520,2024-03-28
ACSI000521,2024-03-28
ACSI000522,2024-03-28
ACSI000536,2024-03-28
ACSI000537,2024-03-28
ACSI000542,2024-03-28
ACSI000454,2024-03-28
ACSI000616,2024-03-28
ACSI000615,2024-03-28
ACSI000443,2024-03-28
ACSI000444,2024-03-28
ACSI000565,2024-03-28
ACSI000567,2024-03-28
ACSI000568,2024-03-28
ACSI000498,2024-03-28
ACSI000061,2024-03-28
ACSI000460,2024-03-28
ACSI000519,2024-03-28
ACSI000544,2024-03-28
ACSI000630,2024-03-28
ACSI000450,2024-03-28
ACSI000211,2024-03-28
ACSI000395,2024-03-28
ACSI000453,2024-03-28
ACSI000448,2024-03-28
ACSI000461,2024-03-28
ACSI000570,2024-03-28
ACSI000571,2024-03-28
ACSI000572,2024-03-28
ACSI000396,2024-03-28
ACSI000456,2024-03-28
ACSI000457,2024-03-28
ACSI000577,2024-03-28
ACSI000578,2024-03-28
ACSI000579,2024-03-28
ACSI000488,2024-03-28
ACSI000364,2024-03-28
ACSI000365,2024-03-28
ACSI000368,2024-03-28
ACSI000369,2024-03-28
ACSI000373,2024-03-28
ACSI000376,2024-03-28
ACSI000378,2024-03-28
ACSI000379,2024-03-28
ACSI000380,2024-03-28
ACSI000381,2024-03-28
ACSI000383,2024-03-28
ACSI000384,2024-03-28
ACSI000385,2024-03-28
ACSI000437,2024-03-28
ACSI000438,2024-03-28
ACSI000580,2024-03-28
ACSI000581,2024-03-28
ACSI000584,2024-03-28
ACSI000585,2024-03-28
ACSI000588,2024-03-28
ACSI000590,2024-03-28
ACSI000489,2024-03-28
ACSI000492,2024-03-28
ACSI000532,2024-03-28
ACSI000541,2024-03-28
ACSI000592,2024-03-28
ACSI000593,2024-03-28
ACSI000594,2024-03-28
ACSI000595,2024-03-28
ACSI000596,2024-03-28
ACSI000598,2024-03-28
ACSI000599,2024-03-28
ACSI000600,2024-03-28
ACSI000601,2024-03-28
ACSI000602,2024-03-28
ACSI000604,2024-03-28
ACSI000629,2024-03-28
ACSI000642,2024-03-28
ACSI000357,2024-03-28
ACSI000398,2024-03-28
ACSI000401,2024-03-28
ACSI000402,2024-03-28
ACSI000375,2024-03-28
ACSI000397,2024-03-28
ACSI000411,2024-03-28
ACSI000442,2024-03-28
ACSI000491,2024-03-28
ACSI000606,2024-03-28
ACSI000607,2024-03-28
ACSI000608,2024-03-28
ACSI000609,2024-03-28
ACSI000611,2024-03-28
ACSI000130,2024-03-28
ACSI000227,2024-03-28
ACSI000393,2024-03-28
ACSI000481,2024-03-28
ACSI000483,2024-03-28
ACSI000535,2024-03-28
ACSI000626,2024-03-28
ACSI000628,2024-03-28
ACSI000449,2024-03-28
ACSI000485,2024-03-28
ACSI000487,2024-03-28
ACSI000710,2024-03-28
ACSI000711,2024-03-28
AMSI001492,2024-03-28
AMSI001493,2024-03-28
AMSI001497,2024-03-28
AMSI001499,2024-03-28
AMSI001502,2024-03-28
AMSI001885,2024-03-28
AMSI002023,2024-03-28
AMSI001904,2024-03-28
AMSI002304,2024-03-28
AMSI001789,2024-03-28
AMSI002221,2024-03-28
AMSI001921,2024-03-28
AMSI001222,2024-03-28
AMSI001223,2024-03-28
AMSI001228,2024-03-28
AMSI001230,2024-03-28
AMSI001247,2024-03-28
AMSI001463,2024-03-28
AMSI001810,2024-03-28
AMSI001820,2024-03-28
AMSI001836,2024-03-28
AMSI001952,2024-03-28
AMSI000910,2024-03-28
AMSI001909,2024-03-28
AMSI002503,2024-03-28
AMSI001522,2024-03-28
AMSI001526,2024-03-28
AMSI001712,2024-03-28
AMSI002009,2024-03-28
AMSI002533,2024-03-28
AMSI000052,2024-03-28
AMSI001731,2024-03-28
AMSI001734,2024-03-28
AMSI001739,2024-03-28
AMSI001742,2024-03-28
AMSI001743,2024-03-28
AMSI001942,2024-03-28
AMSI002034,2024-03-28
AMSI002055,2024-03-28
AMSI002056,2024-03-28
AMSI002534,2024-03-28
AMSI002154,2024-03-28
AMSI002155,2024-03-28
AMSI002162,2024-03-28
AMSI002403,2024-03-28
AMSI001535,2024-03-28
AMSI001538,2024-03-28
AMSI001539,2024-03-28
AMSI001540,2024-03-28
AMSI001543,2024-03-28
AMSI001544,2024-03-28
AMSI001545,2024-03-28
AMSI001546,2024-03-28
AMSI001547,2024-03-28
AMSI001548,2024-03-28
AMSI001549,2024-03-28
AMSI001877,2024-03-28
AMSI001893,2024-03-28
AMSI001900,2024-03-28
AMSI002046,2024-03-28
AMSI002066,2024-03-28
AMSI001806,2024-03-28
AMSI001828,2024-03-28
AMSI001849,2024-03-28
AMSI001861,2024-03-28
AMSI001872,2024-03-28
AMSI001883,2024-03-28
AMSI001884,2024-03-28
AMSI001886,2024-03-28
AMSI001895,2024-03-28
AMSI001905,2024-03-28
AMSI002017,2024-03-28
AMSI002415,2024-03-28
AMSI002416,2024-03-28
AMSI001561,2024-03-28
AMSI001992,2024-03-28
AMSI001252,2024-03-28
AMSI001255,2024-03-28
AMSI001418,2024-03-28
AMSI001419,2024-03-28
AMSI002479,2024-03-28
AMSI001698,2024-03-28
AMSI002025,2024-03-28
AMSI000927,2024-03-29
AMSI001563,2024-03-29
AMSI001564,2024-03-29
AMSI001565,2024-03-29
AMSI001567,2024-03-29
AMSI001568,2024-03-29
AMSI001725,2024-03-29
AMSI001730,2024-03-29
AMSI002018,2024-03-29
AMSI002256,2024-03-29
AMSI002333,2024-03-29
AMSI001735,2024-03-29
AMSI001744,2024-03-29
AMSI001965,2024-03-29
AMSI001993,2024-03-29
AMSI002026,2024-03-29
AMSI002059,2024-03-29
AMSI002262,2024-03-29
AMSI002545,2024-03-29
AMSI001896,2024-03-29
AMSI001570,2024-03-29
AMSI001573,2024-03-29
AMSI001585,2024-03-29
AMSI001862,2024-03-29
AMSI001875,2024-03-29
AMSI001882,2024-03-29
AMSI001911,2024-03-29
AMSI001949,2024-03-29
AMSI002060,2024-03-29
AMSI002068,2024-03-29
AMSI002166,2024-03-29
AMSI002266,2024-03-29
AMSI002363,2024-03-29
AMSI001745,2024-03-29
AMSI001978,2024-03-29
AMSI001979,2024-03-29
AMSI002061,2024-03-29
AMSI002240,2024-03-29
AMSI002251,2024-03-29
AMSI002260,2024-03-29
AMSI001676,2024-03-29
AMSI001593,2024-03-29
AMSI001594,2024-03-29
AMSI001669,2024-03-29
AMSI001672,2024-03-29
AMSI001684,2024-03-29
AMSI001690,2024-03-29
AMSI001705,2024-03-29
AMSI001935,2024-03-29
AMSI001957,2024-03-29
AMSI002062,2024-03-29
AMSI002070,2024-03-29
AMSI002542,2024-03-29
AMSI001596,2024-03-29
AMSI001597,2024-03-29
AMSI001598,2024-03-29
AMSI001740,2024-03-29
AMSI001741,2024-03-29
AMSI002160,2024-03-29
AMSI002390,2024-03-29
AMSI002175,2024-03-29
AMSI002177,2024-03-29
AMSI001834,2024-03-29
AMSI001866,2024-03-29
AMSI001879,2024-03-29
AMSI001936,2024-03-29
AMSI002049,2024-03-29
AMSI001608,2024-03-29
AMSI001251,2024-03-29
AMSI002476,2024-03-29
AMSI001611,2024-03-29
AMSI001613,2024-03-29
AMSI001617,2024-03-29
AMSI001618,2024-03-29
AMSI001723,2024-03-29
AMSI001732,2024-03-29
AMSI002003,2024-03-29
AMSI002032,2024-03-29
AMSI002038,2024-03-29
AMSI002544,2024-03-29
AMSI001276,2024-03-29
AMSI001287,2024-03-29
AMSI001311,2024-03-29
AMSI001312,2024-03-29
AMSI001327,2024-03-29
AMSI001328,2024-03-29
AMSI001331,2024-03-29
AMSI001332,2024-03-29
AMSI001334,2024-03-29
AMSI001339,2024-03-29
AMSI001344,2024-03-29
AMSI001346,2024-03-29
AMSI001349,2024-03-29
AMSI001351,2024-03-29
AMSI001353,2024-03-29
AMSI001355,2024-03-29
AMSI001356,2024-03-29
AMSI001361,2024-03-29
AMSI001362,2024-03-29
AMSI001366,2024-03-29
AMSI001372,2024-03-29
AMSI001373,2024-03-29
AMSI001376,2024-03-29
AMSI001386,2024-03-29
AMSI001398,2024-03-29
AMSI001400,2024-03-29
AMSI001412,2024-03-29
AMSI001415,2024-03-29
AMSI001464,2024-03-29
AMSI001465,2024-03-29
AMSI001466,2024-03-29
AMSI001468,2024-03-29
AMSI001473,2024-03-29
AMSI001476,2024-03-29
AMSI001622,2024-03-29
AMSI001803,2024-03-29
AMSI001808,2024-03-29
AMSI001823,2024-03-29
AMSI001826,2024-03-29
AMSI001846,2024-03-29
AMSI001880,2024-03-29
AMSI001902,2024-03-29
AMSI001913,2024-03-29
AMSI001930,2024-03-29
AMSI001931,2024-03-29
AMSI001967,2024-03-29
AMSI001971,2024-03-29
AMSI001980,2024-03-29
AMSI002013,2024-03-29
AMSI002071,2024-03-29
AMSI002220,2024-03-29
AMSI001670,2024-03-29
AMSI001486,2024-03-29
AMSI001487,2024-03-29
AMSI001835,2024-03-29
AMSI001631,2024-03-29
AMSI001634,2024-03-29
AMSI001671,2024-03-29
AMSI001689,2024-03-29
AMSI001869,2024-03-29
AMSI001715,2024-03-29
AMSI001916,2024-03-29
AMSI001932,2024-03-29
AMSI001973,2024-03-29
AMSI002041,2024-03-29
AMSI002524,2024-03-29
AMSI002315,2024-03-29
AMSI001641,2024-03-29
AMSI001642,2024-03-29
AMSI001643,2024-03-29
AMSI002014,2024-03-29
AMSI002536,2024-03-29
AMSI001748,2024-03-29
AMSI001812,2024-03-29
AMSI001818,2024-03-29
AMSI001821,2024-03-29
AMSI001848,2024-03-29
AMSI001891,2024-03-29
AMSI001917,2024-03-29
AMSI001922,2024-03-29
AMSI002083,2024-03-29
AMSI001938,2024-03-29
AMSI001962,2024-03-29
AMSI001990,2024-03-29
AMSI001997,2024-03-29
AMSI002006,2024-03-29
AMSI001274,2024-03-29
AMSI001282,2024-03-29
AMSI001284,2024-03-29
AMSI001291,2024-03-29
AMSI001318,2024-03-29
AMSI001482,2024-03-29
AMSI001325,2024-03-29
AMSI001335,2024-03-29
AMSI000518,2024-03-29
AMSI001749,2024-03-29
AMSI001750,2024-03-29
AMSI001751,2024-03-29
AMSI001752,2024-03-29
AMSI001754,2024-03-29
AMSI001756,2024-03-29
AMSI001758,2024-03-29
AMSI001760,2024-03-29
AMSI001761,2024-03-29
AMSI001802,2024-03-29
AMSI001894,2024-03-29
AMSI001763,2024-03-29
AMSI002540,2024-03-29
AMSI001764,2024-03-29
AMSI001765,2024-03-29
AMSI001767,2024-03-29
AMSI001769,2024-03-29
AMSI001771,2024-03-29
AMSI001774,2024-03-29
AMSI001775,2024-03-29
AMSI001777,2024-03-29
AMSI001778,2024-03-29
AMSI001779,2024-03-29
AMSI001781,2024-03-29
AMSI001782,2024-03-29
AMSI001784,2024-03-29
AMSI001797,2024-03-29
AMSI001800,2024-03-29
AMSI001860,2024-03-29
AMSI001908,2024-03-29
AMSI001649,2024-03-29
AMSI001650,2024-03-29
AMSI001651,2024-03-29
AMSI001654,2024-03-29
AMSI001655,2024-03-29
AMSI001657,2024-03-29
AMSI002051,2024-03-29
AMSI002073,2024-03-29
AMSI000962,2024-03-29
AMSI001660,2024-03-29
AMSI001940,2024-03-29
AMSI001661,2024-03-29
AMSI001814,2024-03-29
AMSI001688,2024-03-29
AMSI001702,2024-03-29
AMSI001708,2024-03-29
AMSI001945,2024-03-29
AMSI002085,2024-03-29
APSI000014,2024-03-29
APSI000280,2024-03-29
APSI000224,2024-03-29
APSI000104,2024-03-29
APSI000343,2024-03-29
APSI000071,2024-03-29
APSI000227,2024-03-29
APSI000228,2024-03-29
APSI000229,2024-03-29
APSI000230,2024-03-29
APSI000231,2024-03-29
APSI000234,2024-03-29
APSI000248,2024-03-29
APSI000250,2024-03-29
APSI000253,2024-03-29
APSI000259,2024-03-29
APSI000262,2024-03-29
APSI000266,2024-03-29
APSI000268,2024-03-29
APSI000269,2024-03-29
APSI000270,2024-03-29
APSI000271,2024-03-29
APSI000235,2024-03-29
APSI000249,2024-03-29
APSI000310,2024-03-29
APSI000347,2024-03-29
APSI000237,2024-03-29
APSI000254,2024-03-29
APSI000336,2024-03-29
APSI000239,2024-03-29
APSI000094,2024-03-29
APSI000241,2024-03-29
APSI000242,2024-03-29
APSI000243,2024-03-29
APSI000278,2024-03-29
APSI000312,2024-03-29
APSI000263,2024-03-29
APSI000293,2024-03-29
BASI000820,2024-03-29
BASI003254,2024-03-29
BASI003267,2024-03-29
BASI003268,2024-03-29
BASI003275,2024-03-29
BASI003279,2024-03-29
BASI003312,2024-03-29
BASI003354,2024-03-29
BASI002621,2024-03-29
BASI002665,2024-03-29
BASI002951,2024-03-29
BASI002285,2024-03-29
BASI002288,2024-03-29
BASI003339,2024-03-29
BASI002547,2024-03-29
BASI002740,2024-03-29
BASI003269,2024-03-29
BASI003271,2024-03-29
BASI003280,2024-03-29
BASI003296,2024-03-29
BASI003327,2024-03-29
BASI003368,2024-03-29
BASI002175,2024-03-29
BASI003338,2024-03-29
BASI003471,2024-03-29
BASI003511,2024-03-29
BASI003306,2024-03-29
BASI002527,2024-03-29
BASI003243,2024-03-29
BASI003255,2024-03-29
BASI002838,2024-03-29
BASI002679,2024-03-29
BASI002738,2024-03-29
BASI002876,2024-03-29
BASI003027,2024-03-29
BASI003258,2024-03-29
BASI003337,2024-03-29
BASI002844,2024-03-29
BASI002877,2024-03-29
BASI003228,2024-03-29
MASI001771,2024-03-29
MASI001748,2024-03-29
MASI003441,2024-03-29
MASI002143,2024-03-29
MASI002144,2024-03-29
MASI002163,2024-03-29
MASI002187,2024-03-29
MASI002234,2024-03-29
MASI002241,2024-03-29
MASI002301,2024-03-29
MASI002623,2024-03-29
MASI002325,2024-03-29
MASI002535,2024-03-29
MASI002703,2024-03-29
MASI002765,2024-03-29
MASI003058,2024-03-29
MASI003981,2024-03-29
MASI001882,2024-03-29
MASI001919,2024-03-29
MASI002074,2024-03-29
MASI002343,2024-03-29
MASI002125,2024-03-29
MASI001422,2024-03-29
MASI001471,2024-03-29
MASI001722,2024-03-29
MASI002697,2024-03-29
MASI002720,2024-03-29
MASI002773,2024-03-29
MASI002774,2024-03-29
MASI003897,2024-03-29
MASI001992,2024-03-29
MASI001999,2024-03-29
MASI002045,2024-03-29
MASI002050,2024-03-29
MASI002459,2024-03-29
MASI002783,2024-03-29
MASI002944,2024-03-29
MASI003889,2024-03-29
MASI002625,2024-03-29
MASI002626,2024-03-29
MASI002126,2024-03-29
MASI002290,2024-03-29
MASI002605,2024-03-29
MASI002127,2024-03-29
MASI003295,2024-03-29
MASI002656,2024-03-29
MASI002191,2024-03-29
MASI002485,2024-03-29
MASI002506,2024-03-29
MASI001435,2024-03-29
MASI002746,2024-03-29
MASI002976,2024-03-29
MASI002332,2024-03-29
MASI002379,2024-03-29
MASI002149,2024-03-29
MASI002160,2024-03-29
MASI002230,2024-03-29
MASI002291,2024-03-29
MASI002580,2024-03-29
MASI001408,2024-03-29
MASI003184,2024-03-29
MASI001679,2024-03-29
MASI002486,2024-03-29
MASI002607,2024-03-29
MASI002658,2024-03-29
MASI002803,2024-03-29
MASI002585,2024-03-29
MASI003008,2024-03-29
MASI002243,2024-03-29
MASI002487,2024-03-29
MASI002558,2024-03-29
MASI002609,2024-03-29
MASI002632,2024-03-29
MASI003732,2024-03-29
MASI002223,2024-03-29
MASI002298,2024-03-29
MASI002333,2024-03-29
MASI002366,2024-03-29
MASI002367,2024-03-29
MASI002392,2024-03-29
MASI002404,2024-03-29
MASI002419,2024-03-29
MASI002437,2024-03-29
MASI002464,2024-03-29
MASI002510,2024-03-29
MASI002560,2024-03-29
MASI002662,2024-03-29
MASI002103,2024-03-29
MASI002086,2024-03-29
MASI002663,2024-03-29
MASI002089,2024-03-29
MASI001883,2024-03-29
MASI001887,2024-03-29
MASI001895,2024-03-29
MASI002353,2024-03-29
MASI001695,2024-03-29
MASI002237,2024-03-29
MASI002245,2024-03-29
MASI002111,2024-03-29
MASI002090,2024-03-29
MASI003339,2024-03-29
MASI002166,2024-03-29
MASI002254,2024-03-29
MASI002636,2024-03-29
MASI001386,2024-03-29
MASI002084,2024-03-29
MASI001571,2024-03-29
MASI003080,2024-03-29
MASI002380,2024-03-29
MASI002565,2024-03-29
MASI000964,2024-03-29
MASI001814,2024-03-29
MASI001837,2024-03-29
MASI001885,2024-03-29
MASI001905,2024-03-29
MASI001924,2024-03-29
MASI001929,2024-03-29
MASI001931,2024-03-29
MASI001944,2024-03-29
MASI001946,2024-03-29
MASI001951,2024-03-29
MASI001955,2024-03-29
MASI001959,2024-03-29
MASI001962,2024-03-29
MASI001978,2024-03-29
MASI002032,2024-03-29
MASI002489,2024-03-29
MASI002699,2024-03-29
MASI002717,2024-03-29
MASI002731,2024-03-29
MASI002733,2024-03-29
MASI002735,2024-03-29
MASI002737,2024-03-29
MASI002764,2024-03-29
MASI002833,2024-03-29
MASI003046,2024-03-29
MASI003225,2024-03-29
MASI002854,2024-03-29
MASI002915,2024-03-29
MASI003808,2024-03-29
MASI003765,2024-03-29
MASI002369,2024-03-29
MASI002393,2024-03-29
MASI001677,2024-03-29
MASI001801,2024-03-29
MASI001824,2024-03-29
MASI001827,2024-03-29
MASI001834,2024-03-29
MASI001843,2024-03-29
MASI001849,2024-03-29
MASI001868,2024-03-29
MASI001871,2024-03-29
MASI001874,2024-03-29
MASI001896,2024-03-29
MASI002381,2024-03-29
MASI001903,2024-03-29
MASI001909,2024-03-29
MASI001915,2024-03-29
MASI001954,2024-03-29
MASI001988,2024-03-29
MASI001995,2024-03-29
MASI002004,2024-03-29
MASI002007,2024-03-29
MASI002017,2024-03-29
MASI002024,2024-03-29
MASI002034,2024-03-29
MASI002046,2024-03-29
MASI002052,2024-03-29
MASI002511,2024-03-29
MASI002832,2024-03-29
MASI002278,2024-03-29
MASI002440,2024-03-29
MASI002708,2024-03-29
MASI002792,2024-03-29
MASI002814,2024-03-29
MASI002952,2024-03-29
MASI003000,2024-03-29
MASI003011,2024-03-29
MASI002164,2024-03-29
MASI002513,2024-03-29
MASI002109,2024-03-29
MASI003535,2024-03-29
MASI002675,2024-03-29
MASI002611,2024-03-29
MASI002312,2024-03-29
MASI002383,2024-03-29
MASI002515,2024-03-29
MASI002568,2024-03-29
MASI002588,2024-03-29
MASI002665,2024-03-29
MASI002110,2024-03-29
MASI002638,2024-03-29
MASI002451,2024-03-30
MASI002615,2024-03-30
MASI003496,2024-03-30
MASI002930,2024-03-30
MASI003988,2024-03-30
MASI003989,2024-03-30
MASI002541,2024-03-30
MASI002493,2024-03-30
MASI001578,2024-03-30
MASI002494,2024-03-30
MASI001554,2024-03-30
MASI002474,2024-03-30
MASI002516,2024-03-30
MASI002613,2024-03-30
MASI002188,2024-03-30
MASI002196,2024-03-30
MASI002214,2024-03-30
MASI002269,2024-03-30
MASI002307,2024-03-30
MASI002309,2024-03-30
MASI002326,2024-03-30
MASI002336,2024-03-30
MASI002423,2024-03-30
MASI002469,2024-03-30
MASI002471,2024-03-30
MASI002518,2024-03-30
MASI002519,2024-03-30
MASI002546,2024-03-30
MASI002590,2024-03-30
MASI002591,2024-03-30
MASI002592,2024-03-30
MASI002593,2024-03-30
MASI002641,2024-03-30
MASI002077,2024-03-30
MASI003088,2024-03-30
MASI002258,2024-03-30
MASI002357,2024-03-30
MASI002358,2024-03-30
MASI002153,2024-03-30
MASI002159,2024-03-30
MASI002443,2024-03-30
MASI002321,2024-03-30
MASI002599,2024-03-30
MASI003692,2024-03-30
MASI002054,2024-03-30
MASI002424,2024-03-30
MASI002600,2024-03-30
MASI002601,2024-03-30
MASI003663,2024-03-30
MASI002128,2024-03-30
MASI002131,2024-03-30
MASI002139,2024-03-30
MASI002146,2024-03-30
MASI002194,2024-03-30
MASI002199,2024-03-30
MASI002201,2024-03-30
MASI002271,2024-03-30
MASI002340,2024-03-30
MASI002359,2024-03-30
MASI002360,2024-03-30
MASI002399,2024-03-30
MASI002412,2024-03-30
MASI002413,2024-03-30
MASI002453,2024-03-30
MASI002602,2024-03-30
MASI002647,2024-03-30
MASI002208,2024-03-30
MASI002454,2024-03-30
MASI003883,2024-03-30
MASI002671,2024-03-30
MASI002178,2024-03-30
MASI002197,2024-03-30
MASI002198,2024-03-30
MASI002256,2024-03-30
MASI002285,2024-03-30
MASI002293,2024-03-30
MASI002345,2024-03-30
MASI002395,2024-03-30
MASI002473,2024-03-30
MASI002572,2024-03-30
MASI002595,2024-03-30
MASI002666,2024-03-30
MASI002124,2024-03-30
MASI002079,2024-03-30
MASI002080,2024-03-30
MASI003990,2024-03-30
MASI002140,2024-03-30
MASI002145,2024-03-30
MASI002217,2024-03-30
MASI002239,2024-03-30
MASI002433,2024-03-30
MASI002455,2024-03-30
MASI002456,2024-03-30
MASI002115,2024-03-30
MASI002147,2024-03-30
MASI003068,2024-03-30
MASI002023,2024-03-30
MASI002037,2024-03-30
MASI001439,2024-03-30
MASI001527,2024-03-30
MASI001701,2024-03-30
MASI001698,2024-03-30
MASI002288,2024-03-30
MASI002296,2024-03-30
MASI002297,2024-03-30
MASI002361,2024-03-30
MASI002387,2024-03-30
MASI002457,2024-03-30
MASI002093,2024-03-30
MASI001804,2024-03-30
MASI003791,2024-03-30
MASI003907,2024-03-30
MASI001813,2024-03-30
MASI002176,2024-03-30
MASI002330,2024-03-30
MASI002530,2024-03-30
MASI002186,2024-03-30
MASI002479,2024-03-30
MASI002740,2024-03-30
MASI002837,2024-03-30
MASI001651,2024-03-30
MASI003483,2024-03-30
MASI003504,2024-03-30
MASI003584,2024-03-30
MASI001094,2024-03-30
MASI001994,2024-03-30
MASI002022,2024-03-30
MASI002375,2024-03-30
MASI002480,2024-03-30
MASI002532,2024-03-30
MASI002578,2024-03-30
MASI002620,2024-03-30
MASI002652,2024-03-30
MASI002095,2024-03-30
MASI002233,2024-03-30
MASI002502,2024-03-30
MASI002653,2024-03-30
MASI002120,2024-03-30
MASI002121,2024-03-30
MASI001441,2024-03-30
MASI001541,2024-03-30
MASI002388,2024-03-30
MASI002123,2024-03-30
MASI002133,2024-03-30
MASI002204,2024-03-30
MASI002228,2024-03-30
MASI002300,2024-03-30
MASI002621,2024-03-30
MASI002654,2024-03-30
PASI002033,2024-03-30
PASI002618,2024-03-30
PASI003062,2024-03-30
PASI002988,2024-03-30
PASI002036,2024-03-30
PASI002037,2024-03-30
PASI002441,2024-03-30
PASI002038,2024-03-30
PASI002040,2024-03-30
PASI002041,2024-03-30
PASI002442,2024-03-30
PASI002045,2024-03-30
PASI002046,2024-03-30
PASI002047,2024-03-30
PASI002048,2024-03-30
PASI002049,2024-03-30
PASI002444,2024-03-30
PASI002445,2024-03-30
PASI002052,2024-03-30
PASI002053,2024-03-30
PASI002653,2024-03-30
PASI002339,2024-03-30
PASI003027,2024-03-30
PASI003066,2024-03-30
PASI003177,2024-03-30
PASI003664,2024-03-30
PASI002446,2024-03-30
PASI002010,2024-03-30
PASI003285,2024-03-30
PASI003295,2024-03-30
PASI001998,2024-03-30
PASI003849,2024-03-30
PASI002058,2024-03-30
PASI000498,2024-03-30
PASI000139,2024-03-30
PASI003195,2024-03-30
PASI002598,2024-03-30
PASI002011,2024-03-30
PASI002294,2024-03-30
PASI002888,2024-03-30
PASI002889,2024-03-30
PASI002891,2024-03-30
PASI002892,2024-03-30
PASI002893,2024-03-30
PASI002447,2024-03-30
PASI002448,2024-03-30
PASI002449,2024-03-30
PASI002451,2024-03-30
PASI002792,2024-03-30
PASI002857,2024-03-30
PASI003099,2024-03-30
PASI003100,2024-03-30
PASI003183,2024-03-30
PASI001854,2024-03-30
PASI002457,2024-03-30
PASI002628,2024-03-30
PASI003889,2024-03-30
PASI002458,2024-03-30
PASI002459,2024-03-30
PASI002460,2024-03-30
PASI002465,2024-03-30
PASI003754,2024-03-30
PASI002590,2024-03-30
PASI002625,2024-03-30
PASI002658,2024-03-30
PASI002666,2024-03-30
PASI002676,2024-03-30
PASI002749,2024-03-30
PASI002750,2024-03-30
PASI002795,2024-03-30
PASI002993,2024-03-30
PASI002064,2024-03-30
PASI002065,2024-03-30
PASI002066,2024-03-30
PASI002067,2024-03-30
PASI002069,2024-03-30
PASI002355,2024-03-30
PASI002381,2024-03-30
PASI002846,2024-03-30
PASI002992,2024-03-30
PASI002070,2024-03-30
PASI002071,2024-03-30
PASI002077,2024-03-30
PASI002164,2024-03-30
PASI002183,2024-03-30
PASI002198,2024-03-30
PASI002205,2024-03-30
PASI002211,2024-03-30
PASI002225,2024-03-30
PASI002230,2024-03-30
PASI002233,2024-03-30
PASI002237,2024-03-30
PASI002242,2024-03-30
PASI002254,2024-03-30
PASI002269,2024-03-30
PASI002279,2024-03-30
PASI002280,2024-03-30
PASI002305,2024-03-30
PASI002320,2024-03-30
PASI002326,2024-03-30
PASI002357,2024-03-30
PASI002365,2024-03-30
PASI002424,2024-03-30
PASI002431,2024-03-30
PASI002995,2024-03-30
PASI003070,2024-03-30
PASI003102,2024-03-30
PASI003140,2024-03-30
PASI003141,2024-03-30
PASI003633,2024-03-30
PASI003816,2024-03-30
PASI003199,2024-03-30
PASI002078,2024-03-30
PASI002468,2024-03-30
PASI002469,2024-03-30
PASI002471,2024-03-30
PASI002472,2024-03-30
PASI002473,2024-03-30
PASI002474,2024-03-30
PASI002623,2024-03-30
PASI002633,2024-03-30
PASI002643,2024-03-30
PASI002250,2024-03-30
PASI002255,2024-03-30
PASI002671,2024-03-30
PASI002392,2024-03-30
PASI002416,2024-03-30
PASI002433,2024-03-30
PASI003072,2024-03-30
PASI003073,2024-03-30
PASI003105,2024-03-30
PASI003142,2024-03-30
PASI003143,2024-03-30
PASI001994,2024-03-30
PASI002660,2024-03-30
PASI002697,2024-03-30
PASI002773,2024-03-30
PASI003144,2024-03-30
PASI002479,2024-03-30
PASI002730,2024-03-30
PASI002481,2024-03-30
PASI002482,2024-03-30
PASI002578,2024-03-30
PASI002581,2024-03-30
PASI002345,2024-03-30
PASI003981,2024-03-30
PASI004017,2024-03-30
PASI004025,2024-03-30
PASI001991,2024-03-30
PASI002897,2024-03-30
PASI002483,2024-03-30
PASI002484,2024-03-30
PASI003076,2024-03-30
PASI002208,2024-03-30
PASI002251,2024-03-30
PASI002256,2024-03-30
PASI002296,2024-03-30
PASI002327,2024-03-30
PASI002328,2024-03-30
PASI002395,2024-03-30
PASI003150,2024-03-30
PASI003279,2024-03-30
PASI003290,2024-03-30
PASI003687,2024-03-30
PASI003820,2024-03-30
PASI003791,2024-03-30
PASI001354,2024-03-30
PASI001356,2024-03-30
PASI003185,2024-03-30
PASI002490,2024-03-30
PASI003109,2024-03-30
PASI002807,2024-03-30
PASI002834,2024-03-30
PASI001643,2024-03-30
PASI002932,2024-03-30
PASI002936,2024-03-30
PASI002937,2024-03-30
PASI002947,2024-03-30
PASI002948,2024-03-30
PASI002955,2024-03-30
PASI002959,2024-03-30
PASI002963,2024-03-30
PASI002972,2024-03-30
PASI003040,2024-03-30
PASI003488,2024-03-30
PASI001343,2024-03-30
PASI001216,2024-03-30
PASI003311,2024-03-30
PASI002905,2024-03-30
PASI003983,2024-03-30
PASI004070,2024-03-30
PASI004071,2024-03-30
PASI004072,2024-03-30
PASI004073,2024-03-30
PASI004074,2024-03-30
PASI003113,2024-03-30
PASI002496,2024-03-30
PASI002497,2024-03-30
PASI002498,2024-03-30
PASI002684,2024-03-30
PASI002907,2024-03-30
PASI002908,2024-03-30
PASI002924,2024-03-30
PASI002928,2024-03-30
PASI002933,2024-03-30
PASI002938,2024-03-30
PASI002939,2024-03-30
PASI002940,2024-03-30
PASI002943,2024-03-30
PASI002950,2024-03-30
PASI002957,2024-03-30
PASI002706,2024-03-30
PASI002961,2024-03-30
PASI002849,2024-03-30
PASI002974,2024-03-30
PASI003041,2024-03-30
PASI003154,2024-03-30
PASI003155,2024-03-30
PASI003302,2024-03-30
PASI002499,2024-03-30
PASI002500,2024-03-30
PASI002501,2024-03-30
PASI002502,2024-03-30
PASI002503,2024-03-30
PASI002505,2024-03-30
PASI002507,2024-03-30
PASI002508,2024-03-30
PASI002620,2024-03-30
PASI002635,2024-03-30
PASI002689,2024-03-30
PASI002712,2024-03-30
PASI002785,2024-03-30
PASI003042,2024-03-30
PASI002510,2024-03-30
PASI002698,2024-03-30
PASI002715,2024-03-30
PASI002741,2024-03-30
PASI002808,2024-03-30
PASI003043,2024-03-30
PASI003903,2024-03-30
PASI000096,2024-03-30
PASI000296,2024-03-30
PASI002106,2024-03-30
PASI002107,2024-03-30
PASI002110,2024-03-30
PASI002112,2024-03-30
PASI002113,2024-03-30
PASI002115,2024-03-30
PASI002166,2024-03-30
PASI002186,2024-03-30
PASI002188,2024-03-30
PASI002189,2024-03-30
PASI002209,2024-03-30
PASI002277,2024-03-30
PASI002281,2024-03-30
PASI002285,2024-03-30
PASI002301,2024-03-30
PASI002302,2024-03-30
PASI002310,2024-03-30
PASI002316,2024-03-30
PASI002318,2024-03-30
PASI002331,2024-03-30
PASI002348,2024-03-30
PASI002349,2024-03-30
PASI002358,2024-03-30
PASI002359,2024-03-30
PASI002367,2024-03-30
PASI002837,2024-03-30
PASI002407,2024-03-30
PASI002418,2024-03-30
PASI003004,2024-03-30
PASI003085,2024-03-30
PASI003114,2024-03-30
PASI003160,2024-03-30
PASI003161,2024-03-30
PASI003650,2024-03-30
PASI002184,2024-03-30
PASI002376,2024-03-30
PASI002408,2024-03-30
PASI002172,2024-03-30
PASI002231,2024-03-30
PASI002387,2024-03-30
PASI003375,2024-03-30
PASI002975,2024-03-30
PASI002513,2024-03-30
PASI002787,2024-03-30
PASI003164,2024-03-30
PASI000910,2024-03-30
PASI002918,2024-03-30
PASI002919,2024-03-30
PASI002920,2024-03-30
PASI002922,2024-03-30
PASI002925,2024-03-30
PASI002931,2024-03-30
PASI002945,2024-03-30
PASI002951,2024-03-30
PASI002954,2024-03-30
PASI002965,2024-03-30
PASI003234,2024-03-30
PASI003246,2024-03-30
PASI003252,2024-03-30
PASI003525,2024-03-30
PASI003545,2024-03-30
PASI003149,2024-03-30
PASI003050,2024-03-30
PASI003051,2024-03-30
PASI003167,2024-03-30
PASI000679,2024-03-30
PASI001162,2024-03-30
PASI001172,2024-03-30
PASI003706,2024-03-30
PASI003719,2024-03-30
PASI002117,2024-03-30
PASI002176,2024-03-30
PASI002190,2024-03-30
PASI002927,2024-03-30
PASI002212,2024-03-30
PASI002220,2024-03-30
PASI002239,2024-03-30
PASI002263,2024-03-30
PASI002952,2024-03-30
PASI002299,2024-03-30
PASI002409,2024-03-30
PASI002970,2024-03-30
PASI003168,2024-03-30
PASI003374,2024-03-30
PASI002516,2024-03-30
PASI002517,2024-03-30
PASI002520,2024-03-30
PASI002522,2024-03-30
PASI002523,2024-03-30
PASI002822,2024-03-30
PASI003089,2024-03-30
PASI002252,2024-03-30
PASI000553,2024-03-30
PASI000697,2024-03-30
PASI003329,2024-03-30
PASI004028,2024-03-30
PASI001362,2024-03-30
PASI004015,2024-03-30
PASI004016,2024-03-30
PASI002953,2024-03-30
PASI003009,2024-03-30
PASI003010,2024-03-30
PASI002606,2024-03-30
PASI002680,2024-03-30
PASI002690,2024-03-30
PASI002699,2024-03-30
PASI003091,2024-03-30
PASI003119,2024-03-30
PASI002659,2024-03-30
PASI002691,2024-03-30
PASI002723,2024-03-30
PASI002766,2024-03-30
PASI002767,2024-03-30
PASI003831,2024-03-30
PASI002529,2024-03-30
PASI002869,2024-03-30
PASI002870,2024-03-30
PASI003794,2024-03-30
PASI002531,2024-03-30
PASI002532,2024-03-30
PASI002533,2024-03-30
PASI002534,2024-03-30
PASI002591,2024-03-30
PASI003054,2024-03-30
PASI003170,2024-03-30
PASI003823,2024-03-30
PASI003830,2024-03-30
PASI003833,2024-03-30
PASI001713,2024-03-30
PASI002019,2024-03-30
PASI002129,2024-03-30
PASI002181,2024-03-30
PASI002200,2024-03-30
PASI002203,2024-03-30
PASI002260,2024-03-30
PASI003013,2024-03-30
PASI003014,2024-03-30
PASI003055,2024-03-30
PASI003989,2024-03-30
PASI004030,2024-03-30
PASI004038,2024-03-30
PASI002536,2024-03-30
PASI003171,2024-03-30
PASI002539,2024-03-30
PASI002540,2024-03-30
PASI002542,2024-03-30
PASI002547,2024-03-30
PASI003019,2024-03-30
PASI003631,2024-03-30
PASI002912,2024-03-30
PASI002913,2024-03-30
PASI002131,2024-03-30
PASI002549,2024-03-30
PASI002133,2024-03-30
PASI002551,2024-03-30
PASI002134,2024-03-30
PASI002612,2024-03-30
PASI002222,2024-03-30
PASI002622,2024-03-30
PASI002241,2024-03-30
PASI002324,2024-03-30
PASI002335,2024-03-30
PASI002839,2024-03-30
PASI002979,2024-03-30
PASI002981,2024-03-30
PASI003057,2024-03-30
PASI003173,2024-03-30
PASI003402,2024-03-30
PASI001327,2024-03-30
PASI002735,2024-03-30
PASI002736,2024-03-30
PASI002824,2024-03-30
PASI002852,2024-03-30
PASI003174,2024-03-30
PASI003678,2024-03-30
PASI003827,2024-03-30
PASI002557,2024-03-30
PASI002619,2024-03-30
PASI002646,2024-03-30
PASI002798,2024-03-30
PASI003123,2024-03-30
PASI002812,2024-03-30
PASI002853,2024-03-30
PASI003175,2024-03-30
PASI003749,2024-03-30
PASI003737,2024-03-30
PASI003872,2024-03-30
PASI003877,2024-03-30
PASI002558,2024-03-30
PASI002559,2024-03-30
PASI002561,2024-03-30
PASI002562,2024-03-30
PASI002661,2024-03-30
PASI002840,2024-03-30
PASI002982,2024-03-30
PASI003203,2024-03-30
PASI003210,2024-03-30
PASI003529,2024-03-30
PASI003481,2024-03-30
PASI002681,2024-03-30
PASI002814,2024-03-30
PASI002336,2024-03-30
PASI002337,2024-03-30
PASI002410,2024-03-30
PASI002411,2024-03-30
PASI002421,2024-03-30
PASI002422,2024-03-30
PASI002983,2024-03-30
PASI002984,2024-03-30
PASI002142,2024-03-30
PASI002144,2024-03-30
PASI002146,2024-03-30
PASI002148,2024-03-30
PASI002150,2024-03-30
PASI002151,2024-03-30
PASI002153,2024-03-30
PASI002191,2024-03-30
PASI002351,2024-03-30
PASI002389,2024-03-30
PASI002412,2024-03-30
PASI003096,2024-03-30
PASI003741,2024-03-30
PASI003743,2024-03-30
PASI003699,2024-03-30
PASI003131,2024-03-30
PASI003593,2024-03-30
PASI003817,2024-03-30
PASI002571,2024-03-30
PASI002651,2024-03-30
PASI002780,2024-03-30
PASI002873,2024-03-30
PASI003060,2024-03-30
PASI003278,2024-03-30
PASI003585,2024-03-30
PASI002576,2024-03-30
PASI002577,2024-03-30
PASI002587,2024-03-30
PASI002665,2024-03-30
PASI002675,2024-03-30
PASI002686,2024-03-30
PASI002711,2024-03-30
PASI002718,2024-03-30
PASI002725,2024-03-30
PASI002770,2024-03-30
PASI002790,2024-03-30
PASI002815,2024-03-30
PASI002841,2024-03-30
PASI002855,2024-03-30
PASI002864,2024-03-30
PASI002986,2024-03-30
PASI003061,2024-03-30
PASI003098,2024-03-30
PASI003316,2024-03-30
PISI000730,2024-03-30
PISI000732,2024-03-30
PISI000590,2024-03-30
PISI000741,2024-03-30
PISI000747,2024-03-30
PISI000616,2024-03-30
PISI000755,2024-03-30
PISI000756,2024-03-30
PISI000757,2024-03-30
PISI000759,2024-03-30
PISI000625,2024-03-30
PISI000630,2024-03-30
PISI000631,2024-03-30
PISI000766,2024-03-30
PISI000553,2024-03-30
PISI000559,2024-03-30
PISI000561,2024-03-30
PISI000563,2024-03-30
PISI000564,2024-03-30
PISI000772,2024-03-30
PISI000568,2024-03-30
PISI000574,2024-03-30
PISI000773,2024-03-30
PISI000576,2024-03-30
PISI000577,2024-03-30
PISI000774,2024-03-30
PISI000797,2024-03-30
PISI000798,2024-03-30
PISI000183,2024-03-30
PISI000580,2024-03-30
PISI000582,2024-03-30
PISI000827,2024-03-30
PISI000710,2024-03-30
PISI000711,2024-03-30
PISI000834,2024-03-30
PISI000836,2024-03-30
PISI000721,2024-03-30
PISI000850,2024-03-30
PISI000851,2024-03-30
ROSI000485,2024-03-30
ROSI000584,2024-03-30
ROSI000287,2024-03-30
ROSI000487,2024-03-30
ROSI000377,2024-03-30
ROSI000385,2024-03-30
ROSI000450,2024-03-30
ROSI000476,2024-03-30
ROSI000480,2024-03-30
ROSI000481,2024-03-30
ROSI000530,2024-03-30
ROSI000478,2024-03-30
RRSI000211,2024-03-30
RRSI000124,2024-03-30
RRSI000494,2024-03-30
RRSI000515,2024-03-30
RRSI000517,2024-03-30
RRSI000727,2024-03-30
RRSI000091,2024-03-30
RRSI000560,2024-03-30
RRSI000726,2024-03-30
RRSI000044,2024-03-30
RRSI000545,2024-03-30
RRSI000559,2024-03-30
RRSI000553,2024-03-30
RRSI000572,2024-03-30
RRSI000590,2024-03-30
RRSI000503,2024-03-30
RRSI000544,2024-03-30
RRSI000546,2024-03-30
RRSI000555,2024-03-30
RRSI000563,2024-03-30
RRSI000581,2024-03-30
RRSI000554,2024-03-30
RRSI000728,2024-03-30
RRSI000570,2024-03-30
RRSI000608,2024-03-30
RRSI000250,2024-03-30
RRSI000258,2024-03-30
RRSI000383,2024-03-30
RRSI000088,2024-03-30
RRSI000509,2024-03-30
TOSI000293,2024-03-30
TOSI000304,2024-03-30
TOSI000257,2024-03-30
TOSI000350,2024-03-30
TOSI000299,2024-03-30
TOSI000258,2024-03-30
TOSI000343,2024-03-30
TOSI000362,2024-03-30
TOSI000346,2024-03-30
TOSI000263,2024-03-30
TOSI000340,2024-03-30
TOSI000283,2024-03-30
TOSI000285,2024-03-30
TOSI000294,2024-03-30
TOSI000348,2024-03-30
TOSI000182,2024-03-30
TOSI000289,2024-03-30
TOSI000298,2024-03-30
TOSI000312,2024-03-30
TOSI000313,2024-03-30
TOSI000259,2024-03-30
RRSI000373,2024-03-30
APSI000139,2024-03-30
RRSI000374,2024-03-30
ALSI000974,2024-05-24
ALSI000789,2024-05-24
ALSI000980,2024-05-24
ALSI000810,2024-05-24
ALSI000981,2024-05-24
ALSI000841,2024-05-24
ALSI000982,2024-05-24
ALSI000843,2024-05-24
ALSI000814,2024-05-24
ALSI000844,2024-05-24
ALSI000815,2024-05-24
ALSI000816,2024-05-24
ALSI000845,2024-05-24
ALSI000848,2024-05-24
ALSI000990,2024-05-24
ALSI001017,2024-05-24
ALSI000822,2024-05-24
ALSI000895,2024-05-24
ALSI001016,2024-05-24
ALSI000800,2024-05-24
ALSI000838,2024-05-24
ALSI000803,2024-05-24
ALSI000808,2024-05-24
ALSI001019,2024-05-24
ALSI000790,2024-05-24
ALSI000823,2024-05-24
ALSI000908,2024-05-24
ALSI001020,2024-05-24
ALSI000826,2024-05-24
ALSI001152,2024-05-24
ALSI000920,2024-05-24
ALSI000856,2024-05-24
ALSI001024,2024-05-24
ALSI000947,2024-05-24
ALSI000950,2024-05-24
ALSI000935,2024-05-24
ALSI000937,2024-05-24
ALSI000916,2024-05-24
ALSI000938,2024-05-24
ALSI000921,2024-05-24
ALSI000951,2024-05-24
ALSI000953,2024-05-24
ALSI000955,2024-05-24
ALSI000943,2024-05-24
ALSI000936,2024-05-24
ALSI001032,2024-05-24
ALSI001160,2024-05-24
ALSI000977,2024-05-24
ALSI000979,2024-05-24
ALSI001013,2024-05-24
ALSI001012,2024-05-24
ALSI001196,2024-05-24
ALSI001014,2024-05-24
ALSI000795,2024-05-24
ALSI000840,2024-05-24
ALSI000811,2024-05-24
ALSI000986,2024-05-24
ALSI000987,2024-05-24
ALSI000989,2024-05-24
ALSI000819,2024-05-24
ALSI001040,2024-05-24
ALSI000983,2024-05-24
ALSI000849,2024-05-24
ALSI000850,2024-05-24
ALSI001146,2024-05-24
ALSI000855,2024-05-24
ALSI001153,2024-05-24
ALSI001159,2024-05-24
ALSI000946,2024-05-24
ALSI000911,2024-05-24
ALSI000922,2024-05-24
ALSI000923,2024-05-24
ALSI000958,2024-05-24
ALSI001031,2024-05-24
ALSI000960,2024-05-24
ALSI001198,2024-05-24
ALSI001189,2024-05-24
ALSI001191,2024-05-24
ALSI001194,2024-05-24
ALSI001195,2024-05-24
ALSI000860,2024-05-24
ALSI000861,2024-05-24
ALSI000941,2024-05-24
ALSI001025,2024-05-24
ALSI000925,2024-05-24
ALSI000961,2024-05-24
ALSI001193,2024-05-24
ALSI001197,2024-05-24
ALSI001190,2024-05-24
ALSI000915,2024-05-24
ALSI000907,2024-05-24
ALSI000851,2024-05-24
ALSI000818,2024-05-24
ALSI000827,2024-05-24
ALSI000949,2024-05-24
ALSI001015,2024-05-24
